index,artist,title,mood
ML1,George Michael,I Want Your Sex,Happy
ML2,Rob Zombie,Pussy Liquor,Angry
ML4,Bing Crosby,Swinging On A Star,Happy
ML5,Ludacris,Get Back,Angry
ML6,Hole,Violet,Angry
ML7,Manic Street Preachers,Ifwhiteamericatoldthetruthforonedayit'sworldwouldfallapart,Angry
ML8,Emerson Hart,If You're Gonna Leave,Sad
ML9,Megadeth,Architecture of Aggression,Angry
ML10,Blondie,Heart of Glass,Happy
ML11,The Clientele,Impossible,Chill
ML12,The Tallest Man on Earth,Love Is All,Sad
ML13,Garbage,Silence Is Golden,Angry
ML14,Van Morrison,And It Stoned Me,Chill
ML15,The Proclaimers,I'm On My Way,Happy
ML16,50 Cent,My Gun Go Off,Angry
ML17,Collie Buddz,Mamacita,Happy
ML18,Avenged Sevenfold,Coming Home,Angry
ML19,Avril Lavigne,How Does It Feel,Sad
ML20,The Streets,Never Went to Church,Sad
ML21,Geto Boys,Chuckie,Angry
ML22,David Sylvian,September,Chill
ML23,Demon Hunter,The Tide Began To Rise,Sad
ML24,Lily Holbrook,Better Left Unsaid,Sad
ML25,Creed,Illusion,Angry
ML26,Egotrippi,Matkustaja,Sad
ML27,The Whitest Boy Alive,Don't Give Up,Chill
ML28,Opeth,By the Pain I See in Others,Sad
ML29,Salt The Wound,Better Than This,Angry
ML30,Iron Maiden,Aces High,Angry
ML31,Norah Jones,The Prettiest Thing,Chill
ML32,Lamb,Written,Chill
ML33,Nickleback,Rockstar,Angry
ML34,Mastodon,Megalodon,Angry
ML35,Natalie Walker,No One Else,Chill
ML36,Stephen Lynch,Country Love Song,Happy
ML37,Stereophonics,Bright Red Star,Sad
ML38,Bad Manners,Can Can,Happy
ML39,Hollywood Undead,Young,Angry
ML40,Hooverphonic,The Magnificent Tree,Chill
ML41,Working for a Nuclear Free City,Quiet Place,Chill
ML42,Bruce Springsteen,Atlantic City,Sad
ML43,Alison Moyet,Invisible,Sad
ML44,Eminem,We Made You,Happy
ML45,Polly Scattergood,I Hate The Way,Sad
ML46,Ulrich Schnauss,Wherever You Are,Chill
ML47,Tom Lehrer,We Will All Go Together When We Go,Happy
ML48,Helena Bonham Carter & Johnny Depp,Poor Thing,Sad
ML49,Megadeth,The World Needs a Hero,Angry
ML50,Morrissey,Life Is A Pigsty,Sad
ML51,Muse,Agitated,Angry
ML52,Fourplay,Fields Of Gold,Chill
ML53,Rascal Flatts,Summer Nights,Happy
ML54,JosÃ© Padilla,Adios Ayer,Chill
ML55,Emiliana Torrini,Jungle Drums,Happy
ML56,Dr. Dog,The Breeze,Chill
ML57,Girls In Hawaii,Bees & butterflies,Chill
ML58,Cradle of Filth,Dirge Inferno,Angry
ML59,Foals,Big Big Love (Fig. 2),Chill
ML60,Metallica,Welcome Home (Sanitarium),Sad
ML61,Imogen Heap,Little Bird,Chill
ML62,The Flying Burrito Brothers,Do You Know How It Feels,Sad
ML63,Grizzly Bear,Easier,Chill
ML64,Eric Church,Sinners Like Me,Chill
ML65,Bachman-Turner Overdrive,Roll On Down The Highway,Happy
ML66,ZZ Top,Gimme All Your Lovin',Happy
ML67,System of a Down,War?,Angry
ML68,Nachtmahr,Feuer Frei!,Angry
ML69,Stacey Kent,Bali Ha'i,Chill
ML70,Taylor Swift,You Belong With Me,Happy
ML71,The World/Inferno Friendship Society,Only Anarchists Are Pretty,Happy
ML72,Tiger Lou,Like my very own blood,Sad
ML73,Slayer,Spiritual Law,Angry
ML74,COLD,Stupid Girl,Angry
ML75,Grand Archives,Torn Blue Foam Couch,Chill
ML76,Ania,Turu Tu Tu...,Sad
ML77,Reel Big Fish,"New York, New York",Happy
ML78,Loverboy,Hot Girls In Love,Happy
ML79,Judas Priest,Bullet Train,Angry
ML80,The Foreshadowing,The Wandering,Sad
ML81,Erik Hassle,Hurtful,Sad
ML82,Good Charlotte,Girls & Boys,Happy
ML83,Riverside,Before,Sad
ML84,Saybia,The One For You,Sad
ML85,The Jam,Bricks And Mortar,Angry
ML86,Symphony X,The Divine Wings Of Tragedy,Sad
ML87,Nirvana,Scentless Apprentice,Angry
ML88,Deborah Harry,End Of The Run,Sad
ML89,Shania Twain,Man! I Feel Like A Woman!,Happy
ML90,BjÃ¶rn RosenstrÃ¶m,Mamma,Happy
ML91,The Ataris,The Boys Of Summer,Happy
ML92,Angie Stone,U-Haul,Chill
ML93,The Pipettes,Dirty Mind,Happy
ML94,Katie Melua,If The Lights Go Out,Chill
ML95,Steve Goodman,My Old Man,Sad
ML96,Atari Teenage Riot,Deutschland (Has Gotta Die!),Angry
ML97,U2,Sunday Bloody Sunday,Angry
ML98,Longing for Dawn,Lethal,Sad
ML99,Metallica,Metal Militia,Angry
ML100,Queen,Crazy Little Thing Called Love,Happy
ML101,Talking Heads,Psycho Killer,Angry
ML102,Matt Costa,Lilacs,Chill
ML103,Reel 2 Real,I Like to Move It,Happy
ML104,Kelly Clarkson,Already Gone,Sad
ML105,Diana Krall,You're My Thrill,Chill
ML106,Kanye West,We Don't Care,Happy
ML107,Rocky Votolato,Tennessee Train Tracks,Chill
ML108,Darren Hayes,A Conversation With God,Sad
ML109,Okkervil River,"So Come Back, I Am Waiting",Sad
ML110,Bloodhound Gang,The Bad Touch,Happy
ML111,Mudvayne,Dig,Angry
ML112,Megadeth,Recipe for Hate...Warhorse,Angry
ML113,Peter Sellers,Unchained Melody,Happy
ML114,The Replacements,Can't Hardly Wait,Sad
ML115,The Rolling Stones,Coming Down Again,Sad
ML116,MÃ³veis Coloniais de Acaju,Swing hum e meio,Happy
ML117,Dream Theater,The Enemy Inside,Angry
ML118,Dave Matthews Band,Old Dirt Hill (Bring That Beat Back),Chill
ML119,Maggie Reilly,All My Heart Can Hold,Sad
ML120,Xavier Rudd,Better People,Chill
ML121,George Jones,He Stopped Loving Her Today,Sad
ML122,CafÃ© Tacuba,Las Flores,Happy
ML123,Jack Johnson,"They Do, They Don't",Chill
ML124,Pearl Jam,Crazy Mary,Sad
ML125,Billie Holiday,Lady Sings The Blues,Sad
ML126,The Saturdays,Fall,Sad
ML127,Etta James,My Dearest Darling,Happy
ML128,Guided by Voices,Don't Stop Now,Sad
ML129,The Adicts,Chinese Takeaway,Happy
ML130,JoÃ£o Gilberto,Chega De Saudade,Chill
ML131,DJ Sammy,The Boys Of Summer,Happy
ML132,Stephen Lynch,For The Ladies,Happy
ML133,Howard Jones,Things Can Only Get Better,Happy
ML134,New Order,Crystal,Happy
ML135,DMX,We in Here,Angry
ML136,JaromÃ­r Nohavica,JeÅ¡tÄ› mi schÃ¡zÃ­Å¡,Sad
ML137,Maria Taylor,Two Of Those Too (Album Version),Chill
ML138,Atlas Sound,River Card,Chill
ML139,Tiger Lou,The Wake/Hooray Hooray,Chill
ML140,Donald Byrd,Think Twice,Chill
ML141,of Montreal,Touched Something's Hollow,Sad
ML142,Charlotte Church,Show A Little Faith,Chill
ML143,Bob Dylan,One Of Us Must Know (Sooner Or Later),Sad
ML144,Mickey & Sylvia,Love Is Strange,Happy
ML145,Sarah Blasko,The Woman By The Well,Chill
ML146,Lily Allen,Not Fair,Happy
ML147,Sade,Cherish The Day,Chill
ML148,Tanya Stephens,It's A Pity,Happy
ML149,Black Sabbath,Sabbath Bloody Sabbath,Angry
ML150,AC/DC,Flick of the Switch,Angry
ML151,Violent Femmes,It's Gonna Rain,Happy
ML152,Sepultura,Territory,Angry
ML153,Conway Twitty,That's My Job,Sad
ML154,Black Flag,Police Story,Angry
ML155,Nine Inch Nails,Every Day Is Exactly The Same,Sad
ML156,Daniel Lanois,Sometimes,Chill
ML157,The Supremes,Love Is Like An Itching In My Heart,Happy
ML158,Babyshambles,Killamangiro,Happy
ML159,Stabbing Westward,Drowning,Sad
ML160,City and Colour,Save Your Scissors,Chill
ML161,Anthrax,Among the Living,Angry
ML162,Slayer,War Zone,Angry
ML163,Cassandra Wilson,If Loving You Is Wrong,Chill
ML164,As I Lay Dying,An Ocean Between Us,Angry
ML165,Avenged Sevenfold,Nightmare,Angry
ML166,ElectroVamp,I Don't Like The Vibe In The VIP,Happy
ML167,Alice in Chains,Sludge Factory,Sad
ML168,Megadeth,Psychotron,Angry
ML169,Shakira,Un Poco De Amor,Happy
ML170,Nick Cave and the Bad Seeds,Oh My Lord,Sad
ML171,Natalie Merchant,Just Can't Last,Chill
ML172,Silversun Pickups,Booksmart Devil,Chill
ML173,The Mountain Goats,No Children,Sad
ML174,Britney Spears,If U Seek Amy,Happy
ML175,O-Zone,Dragostea Din Tei,Happy
ML176,Ozzy Osbourne,Suicide Solution,Angry
ML177,Sheb Wooley,The Purple People Eater,Happy
ML178,Enzo Jannacci,Ho Visto Un Re,Happy
ML179,Megadeth,Dread and the Fugitive Mind,Angry
ML180,Jack Johnson,Hope,Chill
ML181,Jane Monheit,More Than You Know,Chill
ML182,Rage Against the Machine,How I Could Just Kill A Man,Angry
ML183,Jimi Hendrix Experience,Fire,Angry
ML184,Marilyn Monroe,I Wanna Be Loved By You,Happy
ML185,Burial,Distant Lights,Sad
ML186,Lykke Li,Sadness Is a Blessing,Sad
ML187,Carrie Underwood,I Told You So,Sad
ML188,Scissor Sisters,Lights,Happy
ML189,Lenny Kravitz,Will You Marry Me,Happy
ML190,Queensryche,The Needle Lies,Angry
ML191,My Dying Bride,The Cry of Mankind,Sad
ML192,Miley Cyrus,7 Things,Happy
ML193,Juana Molina,Vaca que cambia de querencia,Chill
ML194,K's Choice,If You're Not Scared,Sad
ML195,Mylo,Sunworshipper,Chill
ML196,Jamie Cullum,Singin' In The Rain,Chill
ML197,Wire,I Am the Fly,Angry
ML198,Ricky Martin,Livin' La Vida Loca,Happy
ML199,Soundgarden,Limo Wreck,Sad
ML200,Sopor Aeternus & The Ensemble Of Shadows,Bitter Sweet,Sad
ML201,Blue Ã–yster Cult,Nosferatu,Angry
ML202,Five Iron Frenzy,My Evil Plan To Save The World,Happy
ML203,Violent Femmes,I Know It's True but I'm Sorry to Say,Sad
ML204,Tenacious D,Kielbasa,Happy
ML205,Saosin,Sleepers,Angry
ML206,Anthrax,Potters Field,Angry
ML207,Aimee Mann,Little Bombs,Sad
ML208,Chevelle,The Red,Angry
ML209,Jason Collett,Blue Sky,Chill
ML210,LCD Soundsystem,All My Friends (John Cale's Version),Sad
ML211,Sandy Denny,Bushes And Briars,Sad
ML212,Marcy Playground,Punk Rock Superstar,Happy
ML213,Emilie Simon,Le Vieil Amant,Chill
ML214,Pink Turns Blue,Your Master Is Calling,Sad
ML215,IVY,Clear My Head,Chill
ML216,Tom Petty And The Heartbreakers,American Girl,Happy
ML217,Etta James,A Sunday Kind Of Love,Chill
ML218,Mud,Lonely This Christmas,Sad
ML219,Queens Of The Stone Age,Everybody Knows That You Are Insane,Angry
ML220,The Gathering,These Good People,Sad
ML221,The Fratellis,Cuntry Boys & City Girls,Happy
ML222,Molotov,Puto,Happy
ML223,Victoria Beckham,I Wish,Happy
ML224,Ours,Dizzy,Sad
ML225,The Blackbyrds,Walking In Rhythm,Happy
ML226,Tori Amos,Velvet Revolution,Sad
ML227,Doors,Break on Through (To the Other Side),Angry
ML228,Megadeth,FFF,Angry
ML229,Camper Van Beethoven,Good Guys & Bad Guys,Happy
ML230,Slayer,Spirit in Black,Angry
ML231,theaudience,Keep In Touch,Chill
ML232,Belle and Sebastian,Roy Walker,Happy
ML233,Lamb of God,As the Palaces Burn,Angry
ML234,New York Dolls,Personality Crisis,Angry
ML235,Suicide Silence,Unanswered,Angry
ML236,The Dodos,It's That Time Again,Sad
ML237,Diamanda GalÃ¡s,Deliver Me From Mine Enemies,Angry
ML238,Cream,We're Going Wrong,Sad
ML239,IVY,Edge of the Ocean,Chill
ML240,The Stooges,Your Pretty Face Is Going to Hell,Angry
ML241,Eagle-Eye Cherry,Worried Eyes,Chill
ML242,Bic Runga,It's Over,Sad
ML243,Amber Pacific,Poetically Pathetic (Acoustic),Sad
ML244,Goldfrapp,Lovely 2 C U,Happy
ML245,"""Weird Al"" Yankovic",The Night Santa Went Crazy,Happy
ML246,His Name Is Alive,Are We Still Married?,Sad
ML247,Tarkan,Simarik,Happy
ML248,Juanes,Nada Valgo Sin Tu Amor,Happy
ML249,Lupe Fiasco,"Kick, Push",Chill
ML250,Kaiser Chiefs,Thank You Very Much,Happy
ML251,Throwing Muses,Counting Backwards,Angry
ML252,Meshuggah,Future Breed Machine,Angry
ML253,Young Jeezy,I Luv It,Angry
ML254,Three Days Grace,Burn,Angry
ML255,Public Enemy,Bring the Noise,Angry
ML256,Maria Mena,Monday Morning,Chill
ML257,Ice Cube,The Wrong Nigga to Fuck Wit,Angry
ML258,Alice in Chains,Am I Inside,Sad
ML259,Monkey,Sandy the River Demon,Chill
ML260,Ray Parker Jr.,Ghostbusters,Happy
ML261,Children of Bodom,Hate Me!,Angry
ML262,Detonautas Roque Clube,Olhos Certos,Sad
ML263,Pixies,Gigantic,Happy
ML264,Katatonia,Day,Sad
ML265,Destroyer,Painter in Your Pocket,Chill
ML266,De-Phazz,Belle de Jour,Chill
ML267,Dolores Keane,Never Be the Sun,Chill
ML268,Method Man,Bring the Pain,Angry
ML269,Lucinda Williams,Those Three Days,Sad
ML270,Megadeth,Moto Psycho,Angry
ML271,Delays,Touch Down,Chill
ML272,Scissor Sisters,Laura,Happy
ML273,Ida Maria,I Like You So Much Better When You're Naked,Happy
ML274,Cinema Bizarre,Lovesongs (They Kill Me),Sad
ML275,Lene Marlin,Leave My Mind,Chill
ML276,Sara Gazarek,You Got By,Chill
ML277,The Black Crowes,Walk Believer Walk,Happy
ML278,Sly & The Family Stone,Thank You (Falettinme Be Mice Elf Agin),Happy
ML279,British Sea Power,The Lonely,Sad
ML280,Chicane,Autumn Tactics,Chill
ML281,The Sisters Of Mercy,Under the Gun,Sad
ML282,Audio Bullys,Get Myself on Track,Sad
ML283,Porcupine Tree,The Sleep of No Dreaming,Sad
ML284,Jill Cunniff,Lazy Girls,Happy
ML285,Clannad,Newgrange,Chill
ML286,Franz Ferdinand,Jackie Jackson,Happy
ML287,Combichrist,The Corps Under My Bed,Sad
ML288,Richard Marx,Should've Known Better,Sad
ML289,The Cure,Want,Sad
ML290,The Lonely Island,I'm on a Boat (feat. T-Pain),Happy
ML291,Common,Faithful ,Chill
ML292,The Jacksons,This Place Hotel,Sad
ML293,Opeth,Dirge for November,Sad
ML294,Little River Band,It's A Long Way There,Chill
ML295,Rufus Wainwright,11:11,Chill
ML296,Britney Spears,Break The Ice,Happy
ML297,Electric Light Orchestra,Midnight Blue,Chill
ML298,The Housemartins,We're Not Deep,Happy
ML299,Haley Bonar,Blue Ridge Mountains,Chill
ML300,Lene Marlin,Disguise,Chill
ML301,Faithless,One Step Too Far,Chill
ML302,Ayreon,Day One: Vigil,Sad
ML303,Rainbow,Catch The Rainbow,Sad
ML304,Lucinda Williams,Greenville,Sad
ML305,Heather Nova,Heart And Shoulder,Chill
ML306,Krokus,Long Stick Goes Boom,Angry
ML307,Cake,"Mahna, Mahna",Happy
ML308,She & Him,Sweet Darlin',Happy
ML309,Rage Against the Machine,Vietnow,Angry
ML310,Powerman 5000,Action,Angry
ML311,The New Pornographers,All For Swinging You Around,Happy
ML312,Rage Against the Machine,Sleep Now In The Fire,Angry
ML313,Beatallica,And I'm Evil,Happy
ML314,Korn,Chi,Angry
ML315,Brooks & Dunn,Neon Moon,Sad
ML316,Keri Noble,A Dream About You,Chill
ML317,Aqua,Around The World,Happy
ML318,My Morning Jacket,Evil Urges,Happy
ML319,My Bloody Valentine,Nothing Much to Lose,Sad
ML320,Rage Against the Machine,Wake Up,Angry
ML321,System of a Down,Chop Suey!,Angry
ML322,Antimatter,The Freak Show,Sad
ML323,ERA,Omen Sore,Chill
ML324,Brad Paisley,When I Get Where I'm Going,Sad
ML325,Megadeth,Victory,Angry
ML326,Tindersticks,The Not Knowing,Sad
ML327,Queen,My Baby Does Me,Happy
ML328,Tim Buckley,Morning Glory,Sad
ML329,The Gathering,Black Light District,Sad
ML330,The Rolling Stones,Can You Hear The Music,Sad
ML331,Little River Band,Reminiscing,Chill
ML332,Alien Sex Fiend,Dead and Buried,Angry
ML333,Voxtrot,Sway,Sad
ML334,Foy Vance,Homebird,Chill
ML335,COLD,Rain Song,Sad
ML336,Bananarama,Cruel Summer,Happy
ML337,Nick Cave and the Bad Seeds,Still in Love,Sad
ML338,Jennifer Lopez,Papi,Happy
ML339,Sally Shapiro,Anorak Christmas,Chill
ML340,Busted,Fun Fun Fun,Happy
ML341,Slayer,Sex. Murder. Art.,Angry
ML342,Bullet For My Valentine,4 Words (To Choke Upon),Angry
ML343,JosÃ© GonzÃ¡lez,Lovestain,Chill
ML344,Corinne Bailey Rae,I Would Like To Call It Beauty,Chill
ML345,Espers,Meadow,Chill
ML346,The Clash,London Calling,Angry
ML347,MotÃ¶rhead,Orgasmatron,Angry
ML348,Norah Jones,Back To Manhattan,Sad
ML349,Molly Johnson,If You Know Love,Chill
ML350,The Tear Garden,Ophelia,Sad
ML351,Hole,Letter To God,Sad
ML352,Megadeth,Washington Is Next!,Angry
ML353,Enya,Flora's Secret,Chill
ML354,Soft Cell,Sex Dwarf,Happy
ML355,Dusty Springfield,I Only Want To Be With You,Happy
ML356,Enigma,Mea Culpa,Chill
ML357,Mae,Sun (acoustic),Chill
ML358,AC/DC,Highway to Hell,Angry
ML359,Louis Armstrong,I Still Get Jealous,Chill
ML360,Jump5,Beauty And The Beast,Happy
ML361,Espers,Flowery Noontide,Chill
ML362,The Black Keys,Your Touch,Happy
ML363,U2,Elvis Presley and America,Sad
ML364,Dixie Chicks,Without You,Sad
ML365,Scissor Sisters,Take Your Mama,Happy
ML366,Noir DÃ©sir,7 Minutes,Angry
ML367,Radiohead,Fitter Happier,Sad
ML368,Bruce Hornsby,Fields Of Gray,Chill
ML369,Counting Crows,St. Robinson In His Cadillac Dream,Chill
ML370,Novembre,Verne,Sad
ML371,Franz Ferdinand,Love and Destroy,Happy
ML372,Vanessa Carlton,Rinse,Sad
ML373,New Radicals,I Don't Wanna Die Anymore,Sad
ML374,Hot Hot Heat,This Town,Happy
ML375,Saliva,Back Into Your System,Chill
ML376,Secondhand Serenade,End,Sad
ML377,Robert Plant,In The Mood,Chill
ML378,Johnossi,Man Must Dance,Happy
ML379,Eric Clapton,Reptile,Chill
ML380,Basement Jaxx,Cish Cash ,Happy
ML381,Ace of Base,Don't Turn Around,Happy
ML382,Nerf Herder,High School,Happy
ML383,Tina Turner,Steamy Windows,Happy
ML384,Sparks,Slowboat,Sad
ML385,Idlewild,A Modern Way Of Letting Go,Angry
ML386,Anita Baker,My Funny Valentine,Chill
ML387,Dark Sanctuary,Des Illusions,Sad
ML388,Eric Church,Lightning,Sad
ML389,Enya,Less Than a Pearl,Chill
ML390,Pink Floyd,Take Up Thy Stethoscope and Walk,Angry
ML391,Tim Buckley,Dolphins,Sad
ML392,The Faint,Paranoiattack,Happy
ML393,Megadeth,Countdown to Extinction,Angry
ML394,Tanya Donelly,Keeping You,Chill
ML395,The Cure,The Figurehead,Sad
ML396,Toni Basil,Mickey,Happy
ML397,Foo Fighters,"Cheer Up, Boys (Your Make Up Is Running)",Happy
ML398,Ice Cube,Ghetto Vet,Angry
ML399,Slayer,Necrophiliac,Angry
ML400,Secret Garden,Sleepsong,Chill
ML401,Billy Talent,Prisoners of Today,Angry
ML402,Sting,Brand New Day,Happy
ML403,Slayer,Psychopathy Red,Angry
ML404,Anita Baker,You Belong To Me,Chill
ML405,Sam Sparro,Pocket,Happy
ML406,Carla Bruni,Le Ciel Dans Une Chambre,Chill
ML407,Fischerspooner,Tone Poem,Chill
ML408,Bloodhound Gang,Foxtrot Uniform Charlie Kilo,Happy
ML409,The Cure,One Hundred Years,Sad
ML410,Faunts,Gone With The Day,Chill
ML411,Kool & The Gang,Celebration,Happy
ML412,White Zombie,Super-Charger Heaven,Angry
ML413,Abba,Thank You For The Music,Happy
ML414,Silbermond,Durch die Nacht,Sad
ML415,The Cyrkle,The Visit (She Was Here),Chill
ML416,Prince,Fury,Angry
ML417,The Corrs,Baby Be Brave (album version),Chill
ML418,Magnet,Overjoyed,Chill
ML419,Marilyn Manson,A Place In The Dirt,Sad
ML420,The Rocket Summer,Skies So Blue,Happy
ML421,Pulp,The Fear,Sad
ML422,Nicky Wire,Goodbye Suicide,Sad
ML423,My Dying Bride,Gather Me Up Forever,Sad
ML424,The Unicorns,Let's Get Known,Happy
ML425,Coverdale/Page,Take Me For A Little While,Sad
ML426,Caesars,It's Not The Fall That Hurts,Happy
ML427,Newsboys,Something Beautiful,Happy
ML428,Hard 'n Phirm,Pi,Happy
ML429,Rage Against the Machine,Bulls on Parade,Angry
ML430,My Dying Bride,A Doomed Lover,Sad
ML431,Annie,Marie Cherie,Sad
ML432,Rosenstolz,Sex im Hotel,Happy
ML433,Cascada,What Do You Want From Me?,Happy
ML434,Res,Let Love,Chill
ML435,Marillion,The Invisible Man,Sad
ML436,Afghan Whigs,66,Happy
ML437,Susie Suh,Shell,Chill
ML438,Dinosaur Jr.,Not the Same,Sad
ML439,Shania Twain,I'm Gonna Getcha Good!,Happy
ML440,Stevie Wonder,Part-Time Lover,Happy
ML441,Eppu Normaali,Tahroja paperilla,Sad
ML442,Metallica,Battery,Angry
ML443,Juana Molina,Son,Chill
ML444,Laura Marling,Your Only Doll (Dora),Chill
ML445,Three Dog Night,Joy To The World,Happy
ML446,JAY-Z,I Just Wanna Love U (Give It 2 Me),Happy
ML447,Colder,To The Music,Happy
ML448,Eagles of Death Metal,English Girl,Happy
ML449,Kris Kross,Jump,Happy
ML450,Mark Dinning,Teen Angel,Sad
ML451,Starfucker,Girls Just Want To Have Fun,Happy
ML452,"""Weird Al"" Yankovic",Christmas At Ground Zero,Happy
ML453,Marius MÃ¼ller-Westernhagen,Johnny W.,Sad
ML454,The Acacia Strain,Demolishor,Angry
ML455,Skinny Puppy,Assimilate,Angry
ML456,Hope of the States,Me Ves Y Sufres,Sad
ML457,Rammstein,Nebel,Sad
ML458,The White Stripes,My Doorbell,Happy
ML459,AC/DC,Down Payment Blues,Angry
ML460,Goldfrapp,Utopia,Chill
ML461,Dead Kennedys,Your Emotions,Angry
ML462,Jim Brickman,Angel Eyes,Chill
ML463,Sarah Blasko,For You,Chill
ML464,Yelle,Je Veux Te Voir (Club-Club Version),Happy
ML465,Adema,Rip The Heart Out Of Me,Angry
ML466,The Romantics,When I Look In Your Eyes,Happy
ML467,Murderdolls,Dead in Hollywood,Angry
ML468,Devo,(I Can't Get No) Satisfaction,Angry
ML469,Exploited,Exploited Barmy Army,Angry
ML470,Midge Ure,Somebody,Sad
ML471,Qntal,Remember Me,Sad
ML472,Bob Dylan,Gotta Serve Somebody,Chill
ML473,Clawfinger,Nothing Going On,Angry
ML474,Blue Six,Sweeter Love,Chill
ML475,Spiritualized,Let It Flow,Chill
ML476,Alexisonfire,You Burn First,Angry
ML477,Ice Cube,Dirty Mack,Angry
ML478,Beastie Boys,Time for Livin',Angry
ML479,"Loney, dear",Sinister in a State of Hope,Chill
ML480,Kraak & Smaak,Squeeze Me,Happy
ML481,Violent Femmes,Kiss Off,Angry
ML482,Bernard Fanning,Shelter For My Soul,Sad
ML483,Donald Fagen,Morph The Cat,Chill
ML484,Black Flag,Depression,Angry
ML485,Electric Light Orchestra,Sweet Talkin' Woman,Happy
ML486,Vanity 6,Nasty Girl,Happy
ML487,In Flames,Swim,Happy
ML488,Tom Lehrer,I Wanna Go Back To Dixie,Happy
ML489,Jack Johnson,Constellations,Chill
ML490,Low,Bright,Sad
ML491,Stephen Lynch,Baby,Happy
ML492,Beatallica,Hey Dude,Happy
ML493,Ministry,Palestina,Angry
ML494,Marilyn Monroe,You'd Be Surprised,Happy
ML495,New Model Army,"No Mirror, No Shadow",Sad
ML496,The Cat Empire,Sly,Happy
ML497,Monkey,The Living Sea,Chill
ML498,Secret Garden,Sigma,Chill
ML499,Luther Vandross,I'd Rather,Chill
ML500,Madredeus,O Pomar Das Laranjeiras,Sad
ML501,Rocco DeLuca & The Burden,Gift,Sad
ML502,Pig Destroyer,Piss Angel,Angry
ML503,Eric Burdon,Don't Let Me Be Misunderstood,Angry
ML504,Martin Page,In The House Of Stone And Light,Chill
ML505,LCD Soundsystem,On Repeat,Happy
ML506,Fotos,Katharina,Sad
ML507,Ephraim Lewis,Drowning In Your Eyes,Chill
ML508,As I Lay Dying,Losing Sight,Angry
ML509,Suzi Quatro,Devil Gate Drive,Happy
ML510,Rammstein,Feuer und Wasser,Sad
ML511,The Concretes,On The Radio,Happy
ML512,Rage Against the Machine,Ashes In The Fall,Angry
ML513,The Aquabats,Pool Party,Happy
ML514,Barry White,"Honey Please, Can't Ya See",Happy
ML515,Megadeth,Use the Man,Angry
ML516,Mystery Jets,Half In Love With Elizabeth,Happy
ML517,Hole,Gutless,Angry
ML518,Atlantic Starr,Silver Shadow,Chill
ML519,Rare Earth,I Just Want To Celebrate,Happy
ML520,Jon & Vangelis,He Is Sailing,Chill
ML521,Blonde Redhead,For the Damaged,Angry
ML522,Anthrax,This Is Not an Exit,Angry
ML523,Iron & Wine,Peace Beneath the City,Chill
ML524,The Black Heart Procession,The Invitation,Sad
ML525,Nas,Ether,Angry
ML526,Rage Against the Machine,Sleep Now in the Fire,Angry
ML527,Stacey Kent,The Ice Hotel,Chill
ML528,Devo,That's Good,Happy
ML529,Lenny Kravitz,Can We Find A Reason?,Sad
ML530,Ghostface Killah,Mighty Healthy,Angry
ML531,Radiohead,We Suck Young Blood,Sad
ML532,Joe Nichols,Tequila Makes Her Clothes Fall Off,Happy
ML533,Natalie Merchant,Thick As Thieves (2005 Version),Sad
ML534,Beach House,House on the Hill,Chill
ML535,Bloodhound Gang,You're Pretty When I'm Drunk,Happy
ML536,Apocalyptica,Bittersweet,Sad
ML537,Robin Williams,Friend Like Me,Happy
ML538,Roxy Music,Just Another High,Sad
ML539,XTC,Senses Working Overtime,Angry
ML540,Cathedral,Ebony Tears,Sad
ML541,J. Tillman,"Cecille, My Love",Chill
ML542,Jagged Edge,Round And Round,Chill
ML543,Jimmy Eat World,Dizzy,Sad
ML544,Nightwish,Angels Fall First,Sad
ML545,Propaganda,Wound In My Heart,Chill
ML546,Suburban Kids With Biblical Names,Seems To Be on My Mind,Happy
ML547,Celtic Woman,The Wexford Carol,Chill
ML548,Beatallica,Everybody's Got A Ticket To Ride Except For Me And My Lightning,Happy
ML549,Sade,Babyfather,Chill
ML550,Harvey Danger,Flagpole Sitta,Happy
ML551,The Avett Brothers,If It's The Beaches,Sad
ML552,Julie Doiron,Penses-Donc (Tu Es Seule),Sad
ML553,The Get Up Kids,The Company Dime,Happy
ML554,Ice Cube,The Predator,Angry
ML555,In Flames,Evil in a Closet,Sad
ML556,Vanessa Carlton,More Than This,Chill
ML557,Riverside,I Turned You Down,Sad
ML558,Kathy Mattea,Where've You Been,Sad
ML559,Enya,Water Shows the Hidden Heart,Chill
ML560,Hem,Sailor,Chill
ML561,The Doobie Brothers,It Keeps You Runnin',Chill
ML562,Dope,Everything Sucks,Angry
ML563,Marilyn Manson,Irresponsible Hate Anthem,Angry
ML564,The Puppini Sisters,Soho Nights,Happy
ML565,Sparta,Echodyne Harmonic,Chill
ML566,The Champs,Tequila,Happy
ML567,Motorhead,Ace of Spades,Angry
ML568,Cowboy Junkies,Lay It Down,Chill
ML569,Black Buddafly,Bad Girl ,Happy
ML570,Level 42,Something About You,Happy
ML571,Kinks,You Really Got Me,Angry
ML572,Britney Spears,Oops!...I Did It Again,Happy
ML573,The Cure,The Promise,Angry
ML574,Diary of Dreams,Tears of Laughter,Sad
ML575,Kate Havnevik,Not Fair,Chill
ML576,Gwen Stefani,Hollaback Girl,Happy
ML577,Manic Street Preachers,The Everlasting,Sad
ML578,Peaches,Downtown,Happy
ML579,The Polyphonic Spree,Middle of the Day,Sad
ML580,London After Midnight,Sacrifice,Sad
ML581,Stevie Wonder,A Place In The Sun,Chill
ML582,The Cat Empire,The Wine Song,Happy
ML583,Donavon Frankenreiter,Butterfly,Chill
ML584,Tom Petty And The Heartbreakers,The Dark Of the Sun,Chill
ML585,Ozzy Osbourne,War Pigs,Angry
ML586,Beach House,Childhood,Chill
ML587,Switchfoot,The Shadow Proves The Sunshine,Chill
ML588,Ben Folds Five,Cigarette,Sad
ML589,The Sex Pistols,I Wanna Be Me,Angry
ML590,Chubby Checker,The Twist,Happy
ML591,Incognito,Everybody Loves The Sunshine,Chill
ML592,Peaches,Shake Yer Dix,Happy
ML593,The Chameleons,Soul in Isolation,Sad
ML594,Stars,What the Snowman Learned About Love,Chill
ML595,The Anti-Nowhere League,So What,Angry
ML596,Peaches,Suck and Let Go,Happy
ML597,Velvet Revolver,Illegal i Song,Angry
ML598,Jibbs,Chain Hang Low,Happy
ML599,Britney Spears,I Run Away,Sad
ML600,Grand Archives,Swan Matches,Chill
ML601,BjÃ¶rk,Pluto,Angry
ML602,Brain Drill,Revelation,Angry
ML603,Anthony Hamilton,I Tried,Chill
ML604,Grace Jones,Pull Up To The Bumper,Happy
ML605,Gwen Stefani,Wind It Up,Happy
ML606,Tyler Hilton,Insomnia (Revised Album Version),Chill
ML607,Reel Big Fish,Ban The Tube Top,Happy
ML608,Teitur,Rough Around The Edges,Chill
ML609,Gorillaz,Demon Days,Chill
ML610,Enya,China Roses,Chill
ML611,Pantera,Cemetery Gates,Angry
ML612,Riverside,Loose Heart,Sad
ML613,Jazzanova,Look What You're Doin' To Me ,Chill
ML614,Supergrass,Brecon Beacons,Happy
ML615,Opeth,Bleak,Sad
ML616,Opeth,White Cluster,Sad
ML617,Manic Street Preachers,Of Walking Abortion,Angry
ML618,Shop Boyz,Flexin',Happy
ML619,Guns N' Roses,Sweet Child O' Mine,Happy
ML620,Black Flag,Gimmie Gimmie Gimmie,Angry
ML621,Timo Maas,Pictures,Happy
ML622,Nine Inch Nails,Zero-Sum,Sad
ML623,Astrud Gilberto,The Girl From Ipanema,Chill
ML624,Franz Ferdinand,What You Waiting For?,Happy
ML625,Ke$ha,Kiss N Tell,Happy
ML626,Fishbone,Lyin' Ass Bitch,Happy
ML627,Touch and Go,Would You...?,Happy
ML628,Britney Spears,Anticipating,Happy
ML629,Rage Against the Machine,Killing In The Name,Angry
ML630,Cult of Luna,Waiting For You,Sad
ML631,Tyrone Wells,Sea Breeze,Chill
ML632,Megadeth,Captive Honour,Angry
ML633,Thievery Corporation,Heaven's Gonna Burn Your Eyes,Chill
ML634,The-Dream,Right Side Of My Brain,Sad
ML635,Tindersticks,Walking,Sad
ML636,The Dillinger Escape Plan,Milk Lizard,Angry
ML637,Howlin' Wolf,Smokestack Lightning,Angry
ML638,Vanessa Hudgens,Sneakernight,Happy
ML639,The Rolling Stones,Tie You Up (The Pain of Love),Angry
ML640,Tim Buckley,The Earth is Broken,Sad
ML641,The Hoosiers,Cops and Robbers,Happy
ML642,Jane Monheit,Detour Ahead,Chill
ML643,Erykah Badu,Window Seat,Chill
ML644,Mobb Deep,Survival of the Fittest,Angry
ML645,RÃ¶yksopp,Dead to the World,Chill
ML646,Limp Bizkit,Getcha Groove On,Angry
ML647,Ashley Tisdale,He Said She Said,Happy
ML648,Dolly Parton,9 To 5,Happy
ML649,Ministry,Just One Fix,Angry
ML650,Shirley Horn,A Time For Love,Chill
ML651,Rihanna,Breakin' Dishes,Angry
ML652,Toy-Box,The Sailor Song,Happy
ML653,Enya,Wild Child,Chill
ML654,Megadeth,Blood of Heroes,Angry
ML655,Eminem,Mosh,Angry
ML656,Kate Nash,Pumpkin Soup,Happy
ML657,Nine Inch Nails,My Violent Heart,Angry
ML658,Spahn Ranch,The Conversation,Sad
ML659,Common,Faithful,Chill
ML660,D'Angelo,Jonz In My Bonz,Chill
ML661,The Coral,She's Got A Reason,Chill
ML662,Pete Philly & Perquisite,Mystery Repeats,Happy
ML663,Andrew Bird,Masterfade,Chill
ML664,Lamb of God,Redneck,Angry
ML665,The Haunted,99,Angry
ML666,Burzum,Dunkelheit,Sad
ML667,A Silver Mt. Zion,Microphones in the Trees,Sad
ML668,Gossip,Eyes Open,Angry
ML669,Emigrate,In My Tears,Sad
ML670,Dead Boys,Sonic Reducer,Angry
ML671,Anthony David,Something About You,Chill
ML672,Lisa Loeb,Wishing Heart,Happy
ML673,Elliott Smith,Bottle Up And Explode!,Chill
ML674,Neurosis,The Tide,Sad
ML675,Fatboy Slim,Wonderful Night,Happy
ML676,Justin Timberlake,Like I Love You,Happy
ML677,Amel Larrieux,Weather,Chill
ML678,Black Kids,Listen To Your Body Tonight,Happy
ML679,Love Is All,Make Out Fall Out Make Up,Sad
ML680,The Byrds,Hickory Wind,Sad
ML681,Megadeth,Elysian Fields,Angry
ML682,Slayer,Praise of Death,Angry
ML683,Snow Patrol,Crazy In Love,Happy
ML684,R. Kelly & Public Announcement,She's Got That Vibe,Happy
ML685,The Beatles,Run for Your Life,Angry
ML686,Cat Stevens,Lilywhite,Chill
ML687,Anthrax,Bring the Noise,Angry
ML688,Britney Spears,Ooh Ooh Baby,Happy
ML689,Slayer,Piece by Piece,Angry
ML690,Village People,In the Navy,Happy
ML691,Deep Dish,Flashdance,Happy
ML692,Britney Spears,Brave New Girl,Happy
ML693,Janis Joplin,Summertime,Sad
ML694,Blue Man Group,Time to Start,Happy
ML695,Amon Amarth,Ride For Vengeance,Angry
ML696,Tindersticks,Piano Song,Sad
ML697,Marilyn Manson,Great Big White World,Sad
ML698,Arcade Fire,Black Mirror,Sad
ML699,The Prodigy,Voodoo People,Angry
ML700,Frida,Baby Don't You Cry No More,Chill
ML701,Kate Nash,Mariella,Happy
ML702,Thrice,Under A Killing Moon,Angry
ML703,Fleet Foxes,Blue Ridge Mountains,Chill
ML704,The Honeydrips,(Lack of) Love Will Tear Us Apart,Chill
ML705,Kristin Hersh,Gazebo Tree,Sad
ML706,Jill Tracy,Haunted By the Thought of You,Sad
ML707,S Club 7,Bring It All Back,Happy
ML708,Kanye West,Coldest Winter,Sad
ML709,The Chemical Brothers,Left Right,Angry
ML710,Antimatter,Ghosts,Sad
ML711,Dixie Chicks,Voice Inside My Head,Sad
ML712,Metallica,"Broken, Beat & Scarred",Angry
ML713,Carbon Based Lifeforms,PhotoSynthesis,Chill
ML714,XTC,This Is Pop?,Angry
ML715,PJ Harvey,The Darker Days Of Me & Him,Sad
ML716,Keren Ann,In Your Back,Chill
ML717,Nine Days,Bitter,Sad
ML718,Art Brut,Modern Art,Happy
ML719,Laura Marling,Shine,Sad
ML720,Smokie,Living Next Door To Alice ,Chill
ML721,Mastodon,Blood and Thunder,Angry
ML722,Rasputina,Watch T.V.,Sad
ML723,Eminem,My Name Is,Happy
ML724,Hanne Hukkelberg,Cast Anchor,Chill
ML725,Dolly Parton,Here You Come Again,Happy
ML726,Pinback,Some Voices,Chill
ML727,2Pac,Me Against the World,Angry
ML728,Chris Botti,The Look Of Love,Chill
ML729,Mortal Love,In the Sun,Sad
ML730,Dead Kennedys,Holiday in Cambodia,Angry
ML731,Acceptance,In Too Far,Chill
ML732,Sun Kil Moon,Neverending Math Equation,Chill
ML733,Nine Inch Nails,I Do Not Want This,Angry
ML734,Daft Punk,Technologic,Happy
ML735,Martina McBride,Valentine,Chill
ML736,The Airborne Toxic Event,Something New,Sad
ML737,Sleeper,Lie Detector,Happy
ML738,Enya,Deora Ar Mo ChroÃ­,Chill
ML739,Massive Attack,Daydreaming,Chill
ML740,Silverchair,Lie To Me,Angry
ML741,No Doubt,Spiderwebs,Happy
ML742,Guns N Roses,Mr. Brownstone,Angry
ML743,The Five Blobs,The Blob,Happy
ML744,Manic Street Preachers,4st 7lb,Angry
ML745,Saybia,Guardian Angel,Sad
ML746,Mastodon,Crystal Skull,Angry
ML747,Mudvayne,IMN,Angry
ML748,Koop,Waltz for Koop,Chill
ML749,Enigma,Total Eclipse of the Moon,Chill
ML750,A Tribe Called Quest,1nce Again,Chill
ML751,Stevie Wonder,Ribbon In The Sky,Chill
ML752,Sick Puppies,You're Going Down,Angry
ML753,The Fratellis,Vince The Loveable Stoner,Happy
ML754,Flowing Tears,Lovesong For A Dead Child,Sad
ML755,Death From Above 1979,Pull Out,Happy
ML756,Jimmy Eat World,Claire,Chill
ML757,Buster Poindexter,Hot Hot Hot,Happy
ML758,Arcana,Like Statues In The Garden Of Dreaming,Sad
ML759,Keb' Mo',Just Like You,Chill
ML760,Susanna and the Magical Orchestra,Time,Chill
ML761,Joan Baez,The Night They Drove Old Dixie Down,Sad
ML762,Melanie C,Carolyna,Sad
ML763,Madredeus,O Sonho,Chill
ML764,The Black Dahlia Murder,Miasma,Angry
ML765,Sting,Children's CruSade,Sad
ML766,James Taylor,That Lonesome Road,Sad
ML767,50 Cent,U Not Like Me,Angry
ML768,The Kingsmen,Louie Louie,Happy
ML769,Cypress Hill,Stoned Is the Way of the Walk,Angry
ML770,India.Arie,God Is Real,Chill
ML771,Ice Cube,The Nigga Ya Love to Hate,Angry
ML772,Frankie Valli,Grease,Happy
ML773,Huey Lewis & The News,I Want a New Drug,Happy
ML774,Grant Lee Buffalo,Rock of Ages,Sad
ML775,Kelis,Caught Out There,Angry
ML776,Scissor Sisters,She's My Man,Happy
ML777,The Innocence Mission,Lake Shore Drive,Chill
ML778,Matt Wertz,Like The Last Time,Chill
ML779,Ella Fitzgerald,Solitude ,Chill
ML780,Ben Kweller,Thirteen,Sad
ML781,Ozzy Osbourne,Running Out of Time,Angry
ML782,Tindersticks,Travelling Light,Sad
ML783,Blonde Redhead,Girl Boy,Chill
ML784,The Clash,London's Burning,Angry
ML785,Mark Kozelek,Bad Boy Boogie,Sad
ML786,Norah Jones,The Long Day Is Over,Chill
ML787,The Rubettes,Sugar Baby Love,Happy
ML788,Vienna Teng,Green Island Serenade,Chill
ML789,Keren Ann,Ailleurs,Chill
ML790,Gotan Project,Queremos paz,Chill
ML791,The Organ,There Is Nothing I Can Do,Sad
ML792,Cocteau Twins,Wolf in the Breast,Chill
ML793,A Perfect Circle,People Are People,Chill
ML794,Behemoth,At the Left Hand Ov God,Angry
ML795,Ke$ha,Blah Blah Blah ,Happy
ML796,Beastie Boys,The Sounds Of Science,Happy
ML797,Essie Jain,Glory,Chill
ML798,BeyoncÃ©,Baby Boy,Happy
ML799,Karen Matheson,Mi Le M' Uilinn,Chill
ML800,Fountains Of Wayne,Stacy's Mom,Happy
ML801,CÃ©line Dion,Declaration Of Love,Happy
ML802,Public Enemy,Welcome to the Terrordome,Angry
ML803,Ice Cube,No Vaseline,Angry
ML804,Lily Holbrook,Welcome to the Slaughterhouse,Sad
ML805,Silverchair,Miss You Love,Sad
ML806,Megadeth,Vortex,Angry
ML807,Ours,Sometimes,Sad
ML808,Relient K,The Pirates Who Don't Do Anything,Happy
ML809,Daughtry,Call Your Name,Sad
ML810,John Mayer,New Deep,Chill
ML811,Moonspell,Awake,Sad
ML812,Local Natives,Who Knows Who Cares,Sad
ML813,Metallica,Damage Inc.,Angry
ML814,Switchfoot,Let Your Love Be Strong,Sad
ML815,Depeche Mode,Sister Of Night,Sad
ML816,Machine Head,Take my Scars,Angry
ML817,Jazzanova,Look What You're Doin' To Me,Chill
ML818,Wir sind Helden,Darf Ich Das Behalten,Sad
ML819,At The Drive-In,Alpha Centauri,Angry
ML820,Korn,Thoughtless,Angry
ML821,Dave Matthews Band,Satellite,Chill
ML822,Celtic Woman,Over The Rainbow,Chill
ML823,Marty Robbins,El Paso,Chill
ML824,Rihanna,Stupid In Love,Sad
ML825,Amber Pacific,If I Fall,Sad
ML826,Sally Shapiro,Time To Let Go,Sad
ML827,Slayer,Supremist,Angry
ML828,Machine Head,"The Blood, the Sweat, the Tears",Angry
ML829,Ida Maria,Louie,Happy
ML830,Shout Out Louds,Never Ever,Happy
ML831,The Rocket Summer,Hold It Up,Happy
ML832,Sting,Little Wing,Chill
ML833,The Coral,Shadows Fall,Happy
ML834,Amos Lee,"Keep It Loose, Keep It Tight",Chill
ML835,Paradise Lost,Say Just Words,Sad
ML836,System of a Down,Soldier Side,Angry
ML837,India.Arie,These Eyes,Chill
ML838,The Mountain Goats,So Desperate,Sad
ML839,Ozma,Continental Drift (Flight Of The Bootymademoiselle),Sad
ML840,Edison Lighthouse,Love Grows (Where My Rosemary Goes),Happy
ML841,Rage Against the Machine,Voice of the Voiceless,Angry
ML842,Anthrax,Indians,Angry
ML843,Thousand Foot Krutch,Favorite Disease,Sad
ML844,Everything But The Girl,Meet Me in the Morning,Chill
ML845,Marilyn Manson,Little Horn,Angry
ML846,Razorlight,Get It And Go,Happy
ML847,Shakira,Rabiosa,Happy
ML848,Goldfish,Times May Change You,Chill
ML849,Kraftwerk,Autobahn,Chill
ML850,Mastodon,Siberian Divide,Angry
ML851,Lene Marlin,Unforgivable Sinner,Sad
ML852,Wolfmother,Vagabond,Happy
ML853,Velvet Underground,White Light/White Heat,Angry
ML854,Thea Gilmore,Whistle And Steam,Chill
ML855,DIR EN GREY,CONCEIVED SORROW,Sad
ML856,John Lennon,I Found Out,Angry
ML857,The Dresden Dolls,Girl Anachronism,Angry
ML858,Scars of life,Bullet with your name,Angry
ML859,Slayer,Altar of Sacrifice,Angry
ML860,Nine Inch Nails,Gave Up,Angry
ML861,AC/DC,Evil Walks,Angry
ML862,Stevie Wonder,Love Light In Flight,Happy
ML863,Rage Against the Machine,Revolver,Angry
ML864,Ron Sexsmith,Snow Angel,Chill
ML865,Slayer,Fight Till Death,Angry
ML866,Soft Cell,Youth,Sad
ML867,The Pierces,Boy in a Rock and Roll Band,Happy
ML868,Bruce Springsteen,War,Angry
ML869,Bloodhound Gang,Kiss Me Where It Smells Funny,Happy
ML870,The Intruders,Together,Chill
ML871,Cut Chemist,Spoon,Chill
ML872,Girls Aloud,Jump,Happy
ML873,Diana Krall,Little Girl Blue,Chill
ML874,Jefferson Starship,Miracles,Chill
ML875,Mad Caddies,Rockupation,Happy
ML876,Mariah Carey,Melt Away,Chill
ML877,Wu-Tang Clan,Da Mystery of Chessboxin',Angry
ML878,Papa Roach,Last Resort,Angry
ML879,Guillemots,Falling Out Of Reach,Chill
ML880,Justin Timberlake,LoveStoned/I Think She Knows Interlude,Happy
ML881,Psapp,Needle and Thread,Chill
ML882,Cradle of Filth,Lovesick for Mina,Angry
ML883,Lily Allen,Friday Night,Happy
ML884,Sandi Thom,What If I'm Right,Happy
ML885,Sneaker Pimps,How Do,Chill
ML886,Jimmy Eat World,Pain,Angry
ML887,Ice Cube,Wicked,Angry
ML888,Delta Goodrem,Fragile,Sad
ML889,Captain Hollywood Project,More and More,Happy
ML890,From First To Last,The Latest Plague,Angry
ML891,Primordial,Gods To The Godless,Sad
ML892,Rage Against the Machine,Mic Check,Angry
ML893,Flyleaf,Red Sam,Angry
ML894,Rage Against The Machine,Killing in the Name,Angry
ML895,N-Trance,Set You Free,Happy
ML896,Mazzy Star,Before I Sleep,Chill
ML897,Man Man,Feathers,Sad
ML898,The Mamas & The Papas,Words Of Love,Chill
ML899,Redman,Blow Your Mind,Angry
ML900,Scott Walker,If You Go Away,Sad
ML901,Anberlin,Hello Alone,Angry
ML902,U2,A Man And A Woman,Happy
ML903,Great Big Sea,Captain Wedderburn,Chill
ML904,The Blues Brothers,Rubber Biscuit,Happy
ML905,The Pipettes,Tell Me What You Want,Happy
ML906,The Rolling Stones,Citadel,Angry
ML907,Ween,Monique the Freak,Happy
ML908,Adverts,Gary Gilmore's Eyes,Angry
ML909,Frank Sinatra,Nancy (With The Laughing Face),Chill
ML910,Bebel Gilberto,So Nice (Summer Samba),Chill
ML911,New London Fire,Nadine,Sad
ML912,Annie,Anniemal,Happy
ML913,Animal Collective,Loch Raven,Chill
ML914,Bright Eyes,Classic Cars,Chill
ML915,Lizz Wright,Hey Mann,Chill
ML916,Fiona Apple,Limp,Angry
ML917,The Jackson 5,ABC,Happy
ML918,Todd Rundgren,One More Day (No Word),Chill
ML919,Rage Against the Machine,Wind Below,Angry
ML920,Al Green,Let's Get Married,Chill
ML921,Jimmy Durante,I'M The Guy Who Found The Lost Chord,Happy
ML922,Yael NaÃ¯m,Too Long,Chill
ML923,Chairlift,Ceiling Wax,Chill
ML924,India.Arie,Nature,Chill
ML925,James Blunt,High (live in Ireland),Chill
ML926,Lucinda Williams,Broken Butterflies,Sad
ML927,Skip James,Hard Time Killin' Floor Blues,Sad
ML928,My Dying Bride,My Wine in Silence,Sad
ML929,Acid Bath,Toubabo Koomi,Angry
ML930,Infernal,I Won't Be Crying,Happy
ML931,Camera Obscura,Your Picture,Sad
ML932,Florence + The Machine,Blinding,Sad
ML933,Aberfeldy,Love Is an Arrow,Sad
ML934,Antony and the Johnsons,The Lake,Sad
ML935,Estatic Fear,Chapter I,Sad
ML936,Joni Mitchell,The Last Time I Saw Richard,Sad
ML937,The Presets,This Boy's In Love,Happy
ML938,Gary Numan,Rip,Sad
ML939,Nevermore,Enemies Of Reality,Angry
ML940,Cake,Pretty Pink Ribbon,Happy
ML941,Chevelle,Don't Fake This,Angry
ML942,Lamb of God,Bloodletting,Angry
ML943,Megadeth,Good Mourning/Black Friday,Angry
ML944,Less Than Jake,History Of A Boring Town,Happy
ML945,Sebadoh,Soul and Fire,Sad
ML946,Opeth,Moonlapse Vertigo,Sad
ML947,Linkin Park,Runaway,Angry
ML948,Nile,Sacrifice Unto Sebek,Angry
ML949,of Montreal,The Party's Crashing Us,Happy
ML950,Jane Monheit,Over The Rainbow,Chill
ML951,Donald Fagen,The Great Pagoda Of Funn,Chill
ML952,Jens Lekman,Friday Night at the Drive-In Bingo,Happy
ML953,Fannypack,Not This,Chill
ML954,MÃ½a,Now or Never,Happy
ML955,Atlantic Starr,If Your Heart Isn't In It,Chill
ML956,Cassandra Wilson,Closer To You,Chill
ML957,Azam Ali,In Other Worlds,Sad
ML958,Misfits,Halloween,Angry
ML959,Clannad,A Bridge (That Carries Us Over),Chill
ML960,Squarepusher,A Real Woman,Happy
ML961,Mr. Hyde,Spill Your Blood,Angry
ML962,M83,Carresses,Chill
ML963,Arctic Monkeys,Fake Tales of San Francisco,Happy
ML964,Less Than Jake,Just Like Frank,Happy
ML965,Megadeth,Sin,Angry
ML966,L'Arc~en~Ciel,ALONE EN LA VIDA,Sad
ML967,The Velvet Underground,Heroin,Sad
ML968,Relient K,Must Have Done Something Right,Happy
ML969,Primordial,The Coffin Ships,Sad
ML970,Air,Sing Sang Sung,Chill
ML971,Moya Brennan,River,Chill
ML972,Kane,Where Do I Go Now,Sad
ML973,The Unicorns,Sea Ghost,Happy
ML974,Corinne Bailey Rae,Butterfly,Chill
ML975,Corinne Bailey Rae,Another Rainy Day,Chill
ML976,Spice Girls,Love Thing,Happy
ML977,Nina Simone,My Man's Gone Now,Sad
ML978,Rammstein,Benzin,Angry
ML979,Maggie Reilly,Reunion,Chill
ML980,Nas,One Mic,Angry
ML981,RÃ³isÃ­n Murphy,Primitive,Happy
ML982,Franz Ferdinand,Michael,Happy
ML983,Chubby Checker,Limbo Rock,Happy
ML984,Undertones,Get Over You,Angry
ML985,ERA,Cathar Rhythm,Chill
ML986,Limp Bizkit,The Propaganda,Angry
ML987,Yoko Ono,Kiss Kiss Kiss,Happy
ML988,Fractured,One More Time,Sad
ML989,The Cure,Out of Mind,Angry
ML990,BrokeNCYDE,Sex Toyz,Happy
ML991,Kaskade,Your Love Is Black,Sad
ML992,The Helio Sequence,Back to This,Chill
ML993,Michael Jackson,Bad,Happy
ML994,Pescado Rabioso,Dulce 3 Nocturno,Chill
ML995,Lifehouse,The Beginning,Chill
ML996,The Chameleons,Monkeyland,Sad
ML997,Black Flag,Nervous Breakdown,Angry
ML998,Bauhaus,Slice Of Life,Sad
ML999,Johnny Cash,Sunday Morning Coming Down,Sad
ML1000,Bowling For Soup,Almost,Happy
ML1001,Alien Ant Farm,Glow,Happy
ML1002,Lou Reed,The Kids,Sad
ML1003,Halou,Political,Chill
ML1004,Evan Rachel Wood,Hold Me Tight,Happy
ML1005,Great Lake Swimmers,I Will Never See the Sun,Chill
ML1006,Gorillaz,Superfast Jellyfish,Happy
ML1007,Nine Inch Nails,Heresy,Angry
ML1008,Enigma,The Cross of Changes,Chill
ML1009,At The Drive In,Quarantined,Angry
ML1010,The Unicorns,Jellybones,Happy
ML1011,Guns N' Roses,This I Love,Sad
ML1012,Venetian Snares,Dad,Sad
ML1013,Bright Eyes,"Oh, You Are the Roots That Sleep Beneath My Feet and Hold the Earth in Place",Chill
ML1014,Devendra Banhart,Noah,Chill
ML1015,Nevermore,All Play Dead,Angry
ML1016,Big Star,Holocaust,Sad
ML1017,Rihanna,Let Me,Happy
ML1018,Ozzy Osbourne,No Easy Way Out,Angry
ML1019,Richard Ashcroft,On A Beach,Chill
ML1020,"""Weird Al"" Yankovic",Eat It,Happy
ML1021,Suicidal Tendencies,Institutionalized,Angry
ML1022,Acoustic Alchemy,Say Yeah,Chill
ML1023,Beck,Rental Car,Happy
ML1024,Cradle of Filth,Tonight in Flames,Angry
ML1025,Manic Street Preachers,I'm Not Working,Sad
ML1026,Bonnie Somerville,Winding Road,Chill
ML1027,DIR EN GREY,VINUSHKA,Angry
ML1028,Gary Numan,In A Dark Place,Sad
ML1029,Mariee Sioux,Wild Eyes,Chill
ML1030,K's Choice,Another Year,Sad
ML1031,Maximilian Hecker,Kate Moss,Sad
ML1032,White Town,Your Woman,Happy
ML1033,Dntel,(This Is) The Dream of Evan and Chan,Chill
ML1034,Manchester Orchestra,Shake It Out,Angry
ML1035,Jay-Z,Success,Angry
ML1036,Wilco,What Light,Chill
ML1037,Squeeze,Hourglass,Happy
ML1038,Nine Inch Nails,March Of The Pigs,Angry
ML1039,Refused,The Deadly Rhythm,Angry
ML1040,Slayer,Can't Stand You,Angry
ML1041,Sing It Loud,No One Can Touch Us (Featuring Alex Gaskarth),Happy
ML1042,Bauhaus,The Three Shadows Part 2,Sad
ML1043,Blink-182,Man Overboard,Happy
ML1044,Alan Jackson,Here In The Real World,Sad
ML1045,George Michael,Freeek! '04,Happy
ML1046,Jennifer Lopez,I'm Real,Happy
ML1047,Venom,Black Metal,Angry
ML1048,Shpongle,Once Upon the Sea of Blissful Awareness,Chill
ML1049,Elbow,little beast,Sad
ML1050,Soulfly,Back to the Primitive,Angry
ML1051,AFI,Silver And Cold,Sad
ML1052,Emma Shapplin,Favola Breve,Chill
ML1053,Ben Folds,Rockin' The Suburbs,Happy
ML1054,Rage Against the Machine,Settle for Nothing,Angry
ML1055,Megadeth,The Killing Road,Angry
ML1056,The Helio Sequence,Back To This,Chill
ML1057,The Fall,War,Angry
ML1058,The Beatles,Twist and Shout,Happy
ML1059,Siobhan Donaghy,So You Say,Sad
ML1060,The Tokens,The Lion Sleeps Tonight,Happy
ML1061,The Beatles,Octopus's Garden,Happy
ML1062,Adele,Melt My Heart To Stone,Chill
ML1063,Marvin Gaye,What's Happening Brother,Chill
ML1064,Martina McBride,Wrong Again,Sad
ML1065,Slayer,Beauty Through Order,Angry
ML1066,Mortiis,Everyone Leaves,Sad
ML1067,Neko Case,The Tigers Have Spoken,Sad
ML1068,Monkey,Pigsy In Space,Chill
ML1069,L7,Shitlist,Angry
ML1070,Bruce Springsteen,Hungry Heart,Happy
ML1071,Burzum,En Ring Til Aa Herske,Sad
ML1072,Deathstars,Synthetic generation,Sad
ML1073,Nerf Herder,Jenna Bush Army,Happy
ML1074,Falco,Vienna Calling,Happy
ML1075,Atmosphere,The Keys to Life vs. 15 Minutes of Fame,Angry
ML1076,Germs,Forming,Angry
ML1077,The Ditty Bops,Waking Up In the City,Happy
ML1078,Stephen Lynch,Gay,Happy
ML1079,Katatonia,Criminals,Sad
ML1080,Bruce Springsteen,State Trooper,Sad
ML1081,Holly Brook,Saturdays,Chill
ML1082,Bright Eyes,A Perfect Sonnet,Sad
ML1083,Inner Circle,Sweat ,Happy
ML1084,Lucie Silvas,Nothing Else Matters,Sad
ML1085,Republika,OdchodzÄ…c,Sad
ML1086,Ella Fitzgerald,Remember,Chill
ML1087,The Stooges,Search and Destroy,Angry
ML1088,Boards of Canada,Aquarius,Chill
ML1089,Metallica,Phantom Lord,Angry
ML1090,Doug Stone,I'd Be Better Off (In A Pine Box),Sad
ML1091,Flobots,Handlebars,Angry
ML1092,Hatebreed,I Will Be Heard,Angry
ML1093,Samuel E. Wright,Under The Sea,Happy
ML1094,Susanna and the Magical Orchestra,Jolene,Chill
ML1095,Lard,The Power of Lard,Angry
ML1096,iLiKETRAiNS,Terra Nova,Sad
ML1097,They Might Be Giants,Birdhouse In Your Soul,Happy
ML1098,Wu-Tang Clan,Wu-Tang Clan Ain't Nuthing Ta F' Wit,Angry
ML1099,Friendly Fires,Lovesick,Happy
ML1100,Burzum,Jesus' Tod,Angry
ML1101,Rage Against the Machine,Know Your Enemy,Angry
ML1102,Tunng,Man in the box,Chill
ML1103,Oceansize,Savant,Sad
ML1104,Machine Head,American High,Angry
ML1105,Otep,T.R.I.C.,Angry
ML1106,Pat Monahan,Her Eyes,Happy
ML1107,Hayley Westenra,Let Me Lie,Chill
ML1108,Wesley Willis,I Wupped Batman's Ass,Happy
ML1109,Marilyn Manson,Burning Flag,Angry
ML1110,Kings Of Convenience,Know-How,Chill
ML1111,Enya,OÃ­che ChiÃºin (Silent Night),Chill
ML1112,Bruce Springsteen,Pay Me My Money Down,Happy
ML1113,Jessica Simpson,Sweetest Sin,Happy
ML1114,The Dillinger Escape Plan,We Are the Storm,Angry
ML1115,Bikini Kill,Suck My Left One,Angry
ML1116,Lunatica,Out!,Angry
ML1117,Japan,Obscure Alternatives,Sad
ML1118,Sophie Milman,Back Home To Me,Chill
ML1119,Selig,Ohne dich,Sad
ML1120,Eighteen Visions,The Sweetest Memory,Sad
ML1121,Queen,Mother Love,Sad
ML1122,Seether,Fake It,Angry
ML1123,Tenacious D,Car Chase City,Happy
ML1124,Thievery Corporation,Amerimacka ,Chill
ML1125,Remi Nicole,Dates From Hell,Happy
ML1126,Richard Thompson,Sibella,Sad
ML1127,At The Drive-In,Proxima Centauri,Angry
ML1128,Nick Cave and the Bad Seeds,Where Do We Go Now But Nowhere,Sad
ML1129,Sham 69,If The Kids Are United,Angry
ML1130,Lit,Miserable,Sad
ML1131,Azam Ali,From Heaven to Dust,Chill
ML1132,Arab Strap,New Birds,Sad
ML1133,Survivor,Eye of the Tiger,Angry
ML1134,Nirvana,Tourette's,Angry
ML1135,Rage Against the Machine,Bombtrack,Angry
ML1136,Jack Johnson,Fortunate Fool,Chill
ML1137,Nick Cave and the Bad Seeds,Far From Me,Sad
ML1138,Kim Carnes,Bette Davis Eyes (Acoustic Version),Chill
ML1139,The Innocence Mission,Small Planes,Sad
ML1140,Frank Sinatra,Don't Worry 'Bout Me,Chill
ML1141,The Pussycat Dolls,Buttons,Happy
ML1142,Jay Brannan,Half-Boyfriend,Sad
ML1143,The Dillinger Escape Plan,The Mullet Burden,Angry
ML1144,Atari Teenage Riot,Revolution Action,Angry
ML1145,Jonathan Coulton,Ikea,Happy
ML1146,"Lipps, Inc.",Funkytown,Happy
ML1147,Nick Cave and the Bad Seeds,Hallelujah,Sad
ML1148,Nevermore,I Am The Dog,Angry
ML1149,The Eames Era,Could Be Anything,Happy
ML1150,Baccara,"Yes Sir, I Can Boogie",Happy
ML1151,Trading Yesterday,One Day,Chill
ML1152,Judas Priest,Breaking the Law,Angry
ML1153,Godsmack,Straight Out of Line,Angry
ML1154,Stevie Wonder,Ngiculela-Es Una Historia-I Am Singing,Chill
ML1155,Matt Wertz,Lonely Tonight,Chill
ML1156,Oasis,I'm Outta Time,Sad
ML1157,Silverchair,Trash,Angry
ML1158,Ice-T,O.G. Original Gangster,Angry
ML1159,Yanni,Nostalgia,Chill
ML1160,D'Angelo,Africa,Chill
ML1161,Boz Scaggs,Jojo,Chill
ML1162,Mark Lanegan,Kingdoms Of Rain,Sad
ML1163,Jason Mraz,Unfold (Eagles Ballroom Live Version),Chill
ML1164,Dark Sanctuary,La chute de l'ange,Sad
ML1165,Bullet For My Valentine,Scream Aim Fire,Angry
ML1166,Lonnie Donegan,My Old Man's A Dustman,Happy
ML1167,The Decemberists,The Hazards of Love 4 (The Drowned),Sad
ML1168,The Replacements,All Shook Down,Chill
ML1169,Balligomingo,Escape,Chill
ML1170,Alela Diane,The Rifle,Chill
ML1171,Sade,Hang On To Your Love,Chill
ML1172,Duran Duran,Hungry Like The Wolf,Happy
ML1173,Morrissey,Let Me Kiss You,Sad
ML1174,Art Brut,My Little Brother,Happy
ML1175,Village People,Macho Man,Happy
ML1176,Ella Fitzgerald,Let Yourself Go,Chill
ML1177,The Byrds,Wasn't Born To Follow,Happy
ML1178,ElectroVamp,Drinks Taste Better When They're Free,Happy
ML1179,Theatre of Tragedy,Bacchante,Sad
ML1180,The Puppini Sisters,We Have All The Time In The World,Happy
ML1181,The Emotions,Flowers,Chill
ML1182,Darren Hayes,Unlovable,Sad
ML1183,Busted,Year 3000,Happy
ML1184,Magnolia Electric Co.,Hard to Love a Man,Sad
ML1185,Nine Inch Nails,Wish,Angry
ML1186,Converge,Drop Out,Angry
ML1187,Yardbirds,I'm a Man,Angry
ML1188,Teddy Geiger,Gentlemen,Chill
ML1189,Emery,Fractions,Sad
ML1190,DMX,Ruff Ryders' Anthem,Angry
ML1191,Celtic Woman,The Prayer,Chill
ML1192,Ramones,Do You Remember Rock 'N' Roll Radio?,Happy
ML1193,The Cure,Us Or Them,Angry
ML1194,Guns N Roses,Paradise City,Angry
ML1195,Alejandro Sanz,No es lo mismo,Happy
ML1196,System of a Down,Prison Song,Angry
ML1197,Ozzy Osbourne,Gets Me Through,Angry
ML1198,Lene Marlin,When You Were Around,Chill
ML1199,Joshua Radin,"No Envy, No Fear",Chill
ML1200,Los Pericos,Pupilas Lejanas,Chill
ML1201,Strokes,Hard to Explain,Angry
ML1202,Deerhoof,"O'Malley, Former Underdog",Happy
ML1203,Powderfinger,My Kind Of Scene,Chill
ML1204,Vio-Lence,Serial Killer,Angry
ML1205,Kenny Chesney,She Thinks My Tractor's Sexy,Happy
ML1206,Silverchair,Spawn Again,Angry
ML1207,Sepultura,Dead Embryonic Cells,Angry
ML1208,Steely Dan,Only A Fool Would Say That,Chill
ML1209,IVY,I Think Of You,Chill
ML1210,Black Sabbath,Lonely Is The Word,Sad
ML1211,The Rakes,We Are All Animals,Happy
ML1212,Nice & Smooth,Sometimes I Rhyme Slow,Chill
ML1213,Korn,Dead Bodies Everywhere,Angry
ML1214,Patty Griffin,Heavenly Day,Chill
ML1215,U2,MLK,Sad
ML1216,Peter Tosh,Legalize It,Chill
ML1217,Serge Gainsbourg,Comic Strip,Happy
ML1218,Isis,So Did We,Sad
ML1219,Godsmack,Cryin' Like a Bitch,Angry
ML1220,Edyta GÃ³rniak,Soul Boy,Chill
ML1221,Nicki French,Total Eclipse Of The Heart,Happy
ML1222,Ben Folds Five,For Those Of Ya'll Who Wear Fannie Packs,Happy
ML1223,The Wiseguys,Ooh La La,Happy
ML1224,Nerf Herder,Welcome To My World,Happy
ML1225,Saosin,It's So Simple,Angry
ML1226,Lisa Stansfield,Soul Deep,Chill
ML1227,Ricky Martin,She Bangs,Happy
ML1228,Suicide,Frankie Teardrop,Angry
ML1229,The Contours,Do You Love Me,Happy
ML1230,Nightmares On Wax,Flip Ya Lid,Chill
ML1231,Nine Inch Nails,Burn,Angry
ML1232,Ziggy Marley,Melancholy Mood,Chill
ML1233,Lil' Kim,Magic Stick ,Happy
ML1234,Enya,A Moment Lost,Chill
ML1235,Firefall,Strange Way,Chill
ML1236,Bob Rivers,Who Put the Stump?,Happy
ML1237,Rage Against the Machine,Maggie's Farm,Angry
ML1238,Take 6,More Than Ever,Chill
ML1239,Nappy Roots,Good Day,Happy
ML1240,Abra Moore,On the Way,Chill
ML1241,Diamond Head,Am I Evil?,Angry
ML1242,Ella Fitzgerald,In A Mellow Tone,Chill
ML1243,Rage Against the Machine,Without a Face,Angry
ML1244,Celtic Woman,Away In A Manger,Chill
ML1245,Tristania,Deadlands,Sad
ML1246,Cavalera Conspiracy,Hearts of Darkness,Angry
ML1247,Foo Fighters,Wattershed,Angry
ML1248,Godsmack,I Fucking Hate You,Angry
ML1249,Joni Mitchell,Shine,Chill
ML1250,Simply Red,Ev'ry Time We Say Goodbye,Sad
ML1251,The Cure,Three Imaginary Boys,Sad
ML1252,Judas Priest,Angel,Sad
ML1253,Jill Scott,Show Me,Chill
ML1254,Zeromancer,Doctor Online,Angry
ML1255,Pixies,Something Against You,Angry
ML1256,Devo,Whip It,Happy
ML1257,Killswitch Engage,Reckoning,Angry
ML1258,The Waterboys,Red Army Blues,Sad
ML1259,Headstones,Fuck you,Angry
ML1260,Black Sabbath,War Pigs,Angry
ML1261,At the Gates,Slaughter Of The Soul,Angry
ML1262,The Proclaimers,Letter From America,Chill
ML1263,"""Weird Al"" Yankovic",Cable TV,Happy
ML1264,blink-182,Aliens Exist,Happy
ML1265,Demon Hunter,Deteriorate,Sad
ML1266,Jennifer Lopez,Jenny From the Block,Happy
ML1267,OK Go,This Will Be Our Year,Happy
ML1268,Rollins Band,Hotter And Hotter,Angry
ML1269,The Pipettes,Your Kisses Are Wasted On Me,Happy
ML1270,VIRGIN BLACK,Velvet Tongue,Sad
ML1271,Luther Vandross,Promise Me,Chill
ML1272,Anberlin,The Runaways,Angry
ML1273,Tom ZÃ©,A Felicidade,Chill
ML1274,Hole,Reasons To Be Beautiful,Sad
ML1275,HIM,Heartache Every Moment,Sad
ML1276,Opeth,Blackwater Park,Sad
ML1277,Sondre Lerche,Side Two,Chill
ML1278,Morrissey,There's A Place In Hell For Me And My Friends,Sad
ML1279,At The Drive-In,Chanbara,Angry
ML1280,Aerosmith,Dude (Looks Like A Lady),Happy
ML1281,Rammstein,Wo bist du,Sad
ML1282,Weezer,Good Life,Angry
ML1283,Mark Hollis,The Colour Of Spring,Sad
ML1284,Slayer,Crypts of Eternity,Angry
ML1285,Jon & Vangelis,I Hear You Now,Chill
ML1286,BeyoncÃ©,Crazy In Love,Happy
ML1287,Quiet Riot,Bang Your Head (Metal Health),Angry
ML1288,Rage Against the Machine,Pistol Grip Pump,Angry
ML1289,Delerium,Fallen Icons,Chill
ML1290,Donald Fagen,H Gang,Chill
ML1291,The Stooges,1970 (Take 3),Angry
ML1292,Yo La Tengo,Big Day Coming,Chill
ML1293,Celtic Woman,The Blessing,Chill
ML1294,Johnny Paycheck,Take This Job and Shove It,Happy
ML1295,Faith No More,Epic,Angry
ML1296,Blu Cantrell,Don't Wanna Say Goodbye,Sad
ML1297,Jesus & Mary Chain,Blues from a Gun,Angry
ML1298,The Jets,Make It Real,Sad
ML1299,The Cure,Out Of This World,Sad
ML1300,Psapp,The Words,Happy
ML1301,Cansei de Ser Sexy,Move,Happy
ML1302,Seu Jorge,Rebel Rebel,Chill
ML1303,Flight of the Conchords,Inner City Pressure,Happy
ML1304,Air,The Vagabond,Chill
ML1305,Reel Big Fish,Your Guts (I Hate 'Em),Angry
ML1306,Limp Bizkit,The Story,Angry
ML1307,HÃ¼sker DÃ¼,Hardly Getting Over It,Sad
ML1308,Willie Nelson,Sad Songs And Waltzes,Sad
ML1309,Split Enz,I Got You,Angry
ML1310,Don Omar,Salio El Sol,Happy
ML1311,Norah Jones,The Long Way Home,Chill
ML1312,At The Drive-In,Cosmonaut,Angry
ML1313,Augie March,There Is No Such Place,Chill
ML1314,Yeah Yeah Yeahs,Black Tongue,Happy
ML1315,Hatebreed,A Call For Blood,Angry
ML1316,Cursive,Art Is Hard,Angry
ML1317,The String Cheese Incident,Sometimes a River,Chill
ML1318,Lisa Ekdahl,Only You,Chill
ML1319,Athlete,Flying Over Bus Stops,Chill
ML1320,Duke Ellington,Satin Doll,Chill
ML1321,Anthrax,C11 H17 N2 O2 S Na,Angry
ML1322,Rick Braun,Walk On The Wild Side,Chill
ML1323,Children of Bodom,Downfall,Angry
ML1324,N.W.A,Fuck tha Police,Angry
ML1325,Ministry,Wrong,Angry
ML1326,Alice Cooper,Halo of Flies,Angry
ML1327,Apostle of Hustle,Animal Fat,Chill
ML1328,Blue October,Razorblade,Angry
ML1329,Black Flag,Room 13,Angry
ML1330,M. Ward,For Beginners,Chill
ML1331,Valley of the Giants,Bala Bay Inn,Chill
ML1332,Sleeping at Last,Hurry,Chill
ML1333,Janina,Nachts um halb drei,Happy
ML1334,Antony and the Johnsons,Free at Last,Sad
ML1335,Neil Young,I've Loved Her So Long,Sad
ML1336,Kool & The Gang,Summer Madness,Chill
ML1337,Animal Collective,Who Could Win a Rabbit,Happy
ML1338,Question Mark & The Mysterians,96 Tears,Angry
ML1339,Elvis Presley,In The Ghetto,Sad
ML1340,Fabrizio De AndrÃ©,Preghiera In Gennaio,Sad
ML1341,JoÃ£o Gilberto,Samba Da Minha Terra,Chill
ML1342,The Ronettes,Sleigh Ride,Happy
ML1343,Rick James,Super Freak,Happy
ML1344,Laurie Anderson,Speak My Language,Sad
ML1345,Keri Noble,Bartender,Sad
ML1346,Jessica Simpson,A Public Affair,Happy
ML1347,The Pierces,Turn on Billie,Chill
ML1348,Madness,Shut Up,Happy
ML1349,Miles Davis,Summertime,Chill
ML1350,Bikini Kill,DemiRep,Angry
ML1351,Bronco,Que Te Han Visto Llorar,Sad
ML1352,Anthrax,Anti-Social,Angry
ML1353,Kasia Kowalska,Bezpowrotnie,Sad
ML1354,Kanye West,Through The Wire,Happy
ML1355,Birthday Party,Dead Joe,Angry
ML1356,Papas Fritas,Way You Walk,Happy
ML1357,Emily Jane White,The Demon,Sad
ML1358,Megadeth,Promises,Angry
ML1359,The Stone Roses,(Song For My) Sugar Spun Sister,Chill
ML1360,Mastodon,Hearts Alive,Angry
ML1361,Deep Forest,Forest Hymn,Chill
ML1362,Siouxsie and the Banshees,Regal Zone,Angry
ML1363,DMX,Ready To Meet Him,Sad
ML1364,Swallow The Sun,The Justice of Suffering,Sad
ML1365,Skinny Puppy,Candle,Sad
ML1366,Glashaus,Was immer jetzt geschieht,Sad
ML1367,Tenacious D,Kyle Quit The Band,Happy
ML1368,The Cooper Temple Clause,Take Comfort,Chill
ML1369,Cure,Killing an Arab,Angry
ML1370,Laura Fygi,Dream A Little Dream,Chill
ML1371,Bullet For My Valentine,The Poison,Angry
ML1372,Simon & Garfunkel,Patterns,Chill
ML1373,Martina Topley-Bird,Ragga,Happy
ML1374,Nick Cave and the Bad Seeds,Lovely Creature,Sad
ML1375,Wu-Tang Clan,Impossible,Sad
ML1376,Maanam,WyjÄ…tkowo zimny maj,Sad
ML1377,Good Shoes,The Photos On My Wall,Happy
ML1378,Lamb of God,Walk with Me in Hell,Angry
ML1379,The Brian Setzer Orchestra,Since I Don't Have You,Sad
ML1380,Jenny Owen Youngs,Keys Out Lights On,Chill
ML1381,Kosheen,Under Fire,Sad
ML1382,Ella Fitzgerald,I Get A Kick Out Of You,Chill
ML1383,Marilyn Manson,Born Again,Angry
ML1384,Isis,In Fiction,Sad
ML1385,Sophie Zelmani,I'd Be Broken,Chill
ML1386,50 Cent,Ski Mask Way,Angry
ML1387,N.W.A,Gangsta Gangsta,Angry
ML1388,My Dying Bride,Grace Unhearing,Sad
ML1389,Portishead,Magic Doors,Sad
ML1390,Ice Cube,How to Survive in South Central,Angry
ML1391,Ricky Martin,La Bomba,Happy
ML1392,Von Hertzen Brothers,Another worthless day,Sad
ML1393,Bone Thugs-N-Harmony,Weed Song,Chill
ML1394,Cat Power,The Coat Is Always On,Sad
ML1395,Ben Lee,Whatever It Is,Chill
ML1396,Patrick Wolf,To the Lighthouse,Sad
ML1397,Anthrax,A.I.R.,Angry
ML1398,Jill Scott,Whenever You're Around,Chill
ML1399,SinÃ©ad O'Connor,I Do Not Want What I Haven't Got,Chill
ML1400,Matthews' Southern Comfort,Woodstock,Chill
ML1401,Celtic Woman,Beyond The Sea,Chill
ML1402,The Asteroids Galaxy Tour,Around The Bend,Happy
ML1403,Queens Of The Stone Age,Six Shooter,Angry
ML1404,Meryl Streep,The Winner Takes It All,Sad
ML1405,Concrete Blonde,Everybody Knows,Sad
ML1406,G. Love & Special Sauce,Relax,Chill
ML1407,Noisettes,The Count Of Monte Christo,Happy
ML1408,Jamie O'Neal,All By Myself,Sad
ML1409,The Hoosiers,Worst Case Scenario,Happy
ML1410,Yo La Tengo,Black Flowers,Chill
ML1411,Kelly Clarkson,Don't Let Me Stop You,Angry
ML1412,Katatonia,Don't Tell A Soul,Sad
ML1413,Cobra Starship,It's Warmer In The Basement,Happy
ML1414,The Cure,Why Can't I Be You?,Happy
ML1415,Dianne Reeves,One For My Baby,Chill
ML1416,The Doors,Celebration of the Lizard,Angry
ML1417,Red House Painters,Medicine Bottle,Sad
ML1418,The Magnetic Fields,The Luckiest Guy On The Lower East Side,Happy
ML1419,Dexys Midnight Runners,Come On Eileen,Happy
ML1420,The Duke Spirit,Love Is An Unfamiliar Name,Happy
ML1421,Au Revoir Simone,I Couldn't Sleep,Chill
ML1422,October Tide,Losing Tomorrow,Sad
ML1423,Alesana,Apology,Sad
ML1424,KMFDM,Don't Blow Your Top,Angry
ML1425,Pulp,Blue Glow,Sad
ML1426,Jonas Brothers,Shelf,Happy
ML1427,Cara Dillon,Blue Mountain River,Chill
ML1428,Evanescence,Haunted,Sad
ML1429,Interpol,The Scale,Sad
ML1430,Celtic Woman,The Sky And The Dawn And The Sun,Chill
ML1431,Juanes,La Camisa Negra,Happy
ML1432,The Cooper Temple Clause,Talking To A Brick Wall,Sad
ML1433,Moya Brennan,Change My World,Chill
ML1434,The Ohio Players,I Want To Be Free,Chill
ML1435,Mis-Teeq,Scandalous,Happy
ML1436,Tamia,You Put A Move On My Heart,Chill
ML1437,Shakedown,At Night,Happy
ML1438,Steely Dan,Your Gold Teeth II,Chill
ML1439,Lykke Li,Sadness Is A Blessing,Sad
ML1440,Kiss,Black Diamond,Happy
ML1441,Hanne Hukkelberg,Balloon,Chill
ML1442,Sex Pistols,No Fun,Angry
ML1443,Judy Garland,I'm Nobody's Baby,Sad
ML1444,BeyoncÃ©,Listen,Sad
ML1445,Unbelievable Truth,Dune Sea,Sad
ML1446,Madredeus,O ParaÃ­so,Chill
ML1447,Jonathan Coulton,You Ruined Everything,Happy
ML1448,Badly Drawn Boy,This Song,Chill
ML1449,Rage Against the Machine,No Shelter,Angry
ML1450,Marla Hansen,Shuffle Your Feet,Chill
ML1451,Sophie Zelmani,Fire,Sad
ML1452,Janis Joplin,Get It While You Can,Chill
ML1453,Pere Ubu,30 Seconds Over Tokyo,Angry
ML1454,Eftos,Hyaluron,Angry
ML1455,Kool Keith,Tess Shit,Angry
ML1456,Blur,1992,Sad
ML1457,Zombie Girl,Creepy Crawler,Angry
ML1458,Casiotone for the Painfully Alone,Don't They Have Payphones Wherever You Were Last Night,Sad
ML1459,of Montreal,Your Magic Is Working,Happy
ML1460,DIR EN GREY,Merciless Cult,Angry
ML1461,Mayer Hawthorne,A Strange Arrangement,Chill
ML1462,Destroyer,Foam Hands,Sad
ML1463,The Sisters Of Mercy,Doctor Jeep,Sad
ML1464,Thirteen Senses,Undivided,Sad
ML1465,SambasSadeur,Ice & Snow,Chill
ML1466,Slipknot,Pulse of the Maggots,Angry
ML1467,Gwen Stefani,Rich Girl,Happy
ML1468,Carnifex,Sadistic Embrace,Angry
ML1469,Slayer,Here Comes the Pain,Angry
ML1470,Rihanna,SOS,Happy
ML1471,The Isley Brothers,Hello It's Me,Chill
ML1472,The Innocence Mission,Walking Around,Chill
ML1473,Clap Your Hands Say Yeah,Upon This Tidal Wave of Young Blood,Happy
ML1474,Michelle Williams,We Break The Dawn,Happy
ML1475,Scandinavian Music Group,Ilman sinua olen lyijyÃ¤,Sad
ML1476,M83,She Stands Up,Chill
ML1477,The Ruts,Babylon's Burning,Angry
ML1478,Pere Ubu,Modern Dance,Angry
ML1479,Whiskeytown,Easy Hearts,Chill
ML1480,Megadeth,Train of Consequences,Angry
ML1481,Anathema,Fragile Dreams,Sad
ML1482,Matt Dusk,Always,Chill
ML1483,Remy Shand,Burning Bridges,Chill
ML1484,Muse,Hyper Music,Angry
ML1485,Detonautas Roque Clube,VocÃª Me Faz TÃ£o Bem,Sad
ML1486,We Are Scientists,What's The Word,Angry
ML1487,Slightly Stoopid,Wiseman,Chill
ML1488,Anaal Nathrakh,The Destroying Angel,Angry
ML1489,Union of Knives,Evil Has Never,Sad
ML1490,Imogen Heap,Spooky,Chill
ML1491,Blue Oyster Cult,Godzilla,Angry
ML1492,Blur,It Could Be You,Happy
ML1493,Diamanda GalÃ¡s,Free Among the Dead,Angry
ML1494,Leonard Cohen,Teachers,Sad
ML1495,Tim Buckley,No Man Can Find The War,Sad
ML1496,Harry Belafonte,Jump in the Line,Happy
ML1497,Bad Company,Bad Company,Sad
ML1498,Jamie Lidell,Multiply,Happy
ML1499,Cat Power,Cross Bones Style,Angry
ML1500,Slayer,Darkness of Christ,Angry
ML1501,Papa Roach,Dead Cell,Angry
ML1502,The Pierces,Lights On,Happy
ML1503,Ween,Boys Club,Happy
ML1504,Talk Talk,I Don't Believe in You,Sad
ML1505,The Cinematic Orchestra,Burn Out,Chill
ML1506,Dope,Pig Society,Angry
ML1507,Stina Nordenstam,The End of a Love Affair,Sad
ML1508,Woven Hand,Story and Pictures,Sad
ML1509,Queens Of The Stone Age,Feel Good Hit Of The Summer,Happy
ML1510,Pnau,Embrace,Happy
ML1511,Maps,Glory Verse,Chill
ML1512,Flowing Tears,Portsall (Departure Song),Sad
ML1513,Louis Armstrong,Nobody Knows The Trouble I've Seen,Sad
ML1514,Old Crow Medicine Show,Down Home Girl,Happy
ML1515,Donald Fagen,Walk Between Raindrops,Chill
ML1516,Al Martino,VOLARE,Happy
ML1517,Pat Boone,Speedy Gonzales,Happy
ML1518,Inner City,Big Fun,Happy
ML1519,Black Sabbath,The Writ,Angry
ML1520,Groove Armada,But I Feel Good,Happy
ML1521,Billy Talent,Pins and Needles,Sad
ML1522,Megadeth,Crush 'Em,Angry
ML1523,Girls Aloud,Whole Lotta History,Sad
ML1524,Blink 182,Adam's Song,Angry
ML1525,Yelle,Mal Poli,Happy
ML1526,Shearwater,You're the Coliseum,Chill
ML1527,Lloyd Cole And The Commotions,Are You Ready To Be Heartbroken?,Sad
ML1528,Miley Cyrus,Breakout,Happy
ML1529,Opeth,The Baying of the Hounds,Sad
ML1530,DMX,What's My Name?,Angry
ML1531,Chris Garneau,Things She Said,Sad
ML1532,My Dying Bride,The Light at the End of the World,Sad
ML1533,Baccara,"Sorry, I'm A Lady",Happy
ML1534,Panzer AG,Filth God,Angry
ML1535,Green Day,Platypus,Angry
ML1536,Boyzone,Baby Can I Hold You,Chill
ML1537,Howard Jones,Life In One Day,Happy
ML1538,Mindy Smith,Falling,Chill
ML1539,Shenandoah,Ghost In This House,Sad
ML1540,The Gathering,Golden Grounds,Sad
ML1541,Anouk,For Bitter Or Worse,Sad
ML1542,The Smashing Pumpkins,Rotten Apples,Sad
ML1543,The Good Life,Heartbroke,Sad
ML1544,Jack Johnson,The Horizon Has Been Defeated,Chill
ML1545,The Smiths,This Night Has Opened My Eyes,Sad
ML1546,Idlewild,Love Steals Us From Loneliness,Sad
ML1547,Delta Goodrem,You Will Only Break My Heart,Happy
ML1548,Metallica,Last Caress/Green Hell,Angry
ML1549,Korn,Right Now,Angry
ML1550,Morphine,Murder For The Money,Sad
ML1551,Neurosis,To the Wind,Sad
ML1552,Free,All Right Now,Happy
ML1553,The Beatles,Please Please Me,Happy
ML1554,50 Cent,In Da Club,Happy
ML1555,Trevor Hall,Other Ways,Chill
ML1556,Sharon Van Etten,Don't Do It,Sad
ML1557,Slipknot,Wait and Bleed,Angry
ML1558,Alesana,"Congratulations, I hate you",Angry
ML1559,Husky Rescue,Diamonds in the Sky,Chill
ML1560,The Fall,Middle Class Revolt,Angry
ML1561,Dope,Die Motherfucker Die,Angry
ML1562,All Time Low,Poppin' Champagne,Happy
ML1563,Megadeth,Black Curtains,Angry
ML1564,PJ Harvey,Snake,Angry
ML1565,Megadeth,Mastermind,Angry
ML1566,The Band,The Night They Drove Old Dixie Down (alternate mix),Sad
ML1567,Turisas,Sahti-Waari,Happy
ML1568,My Morning Jacket,Xmas Curtain,Chill
ML1569,Terence Trent D'arby,Delicate,Chill
ML1570,Wesley Willis,Oil Express,Happy
ML1571,Boney James,In The Rain ,Chill
ML1572,Krokus,Screaming in the Night,Angry
ML1573,The Black Ghosts,Full Moon,Chill
ML1574,Incubus,Megalomaniac,Angry
ML1575,Antimatter,God Is Coming,Sad
ML1576,Carbon Leaf,Changeless,Chill
ML1577,Pato Fu,30.000 PÃ©s,Chill
ML1578,Remy Shand,Take A Message,Chill
ML1579,Hawk Nelson,Everything You Ever Wanted,Sad
ML1580,The Jackson 5,The Love You Save,Happy
ML1581,My Dying Bride,Into the Lake of Ghosts,Sad
ML1582,Little Brother,Nighttime Maneuvers,Chill
ML1583,Dashboard Confessional,The Shade Of Poison Trees,Sad
ML1584,BÃ¶hse Onkelz,"Bin ich nur glÃ¼cklich, wenn es schmerzt",Sad
ML1585,Enigma,Return to Innocence,Chill
ML1586,Dr. Hook,Sylvia's Mother,Sad
ML1587,Eminem,Soldier,Angry
ML1588,Today Is The Day,Temple of the Morning Star,Sad
ML1589,Blondie,One Way Or Another,Happy
ML1590,Beck,Modern Guilt,Chill
ML1591,Moxy FrÃ¼vous,I Love My Boss,Happy
ML1592,Michael Jackson,Someone Put Your Hand Out,Chill
ML1593,Pete and the Pirates,Mr Understanding,Happy
ML1594,Slayer,Flesh Storm,Angry
ML1595,Limp Bizkit,Nookie,Angry
ML1596,Copeland,The Grey Man,Chill
ML1597,Donald Fagen,Mary Shut The Garden Door,Chill
ML1598,Lisa Hannigan,Pistachio,Chill
ML1599,Cars Can Be Blue,Dirty Song,Happy
ML1600,Grace Jones,I'm Crying (Mother's Tears),Sad
ML1601,Cajun Dance Party,Amylase,Happy
ML1602,Britney Spears,The Beat Goes On,Happy
ML1603,Kayo Dot,Immortelle and Paper Caravelle,Chill
ML1604,Brother Ali,Walking Away,Sad
ML1605,En Vogue,Free Your Mind,Happy
ML1606,Bodyrox,Yeah Yeah,Happy
ML1607,KC And The Sunshine Band,Get Down Tonight,Happy
ML1608,Jack Johnson,Posters,Chill
ML1609,Air,New Star in the Sky,Chill
ML1610,Children of Bodom,Hatebreeder,Angry
ML1611,DIR EN GREY,AGITATED SCREAMS OF MAGGOTS,Angry
ML1612,JosÃ© GonzÃ¡lez,Stay In The Shade,Chill
ML1613,The New Pornographers,Star Bodies,Happy
ML1614,Dubstar,St. Swithin's Day,Chill
ML1615,Ween,Voodoo Lady,Happy
ML1616,Andrew Bird,Armchairs,Chill
ML1617,Peaches,Fuck The Pain Away,Happy
ML1618,Delta Goodrem,Throw It Away,Chill
ML1619,The Cure,The Lovecats,Happy
ML1620,All Time Low,The Beach,Happy
ML1621,Red House Painters,San Geronimo,Sad
ML1622,Zero 7,I Have Seen,Chill
ML1623,Mazzy Star,Free,Chill
ML1624,Monster Magnet,Powertrip,Angry
ML1625,Vangelis,Tales of the Future,Chill
ML1626,Crippled Black Phoenix,Burnt Reynolds,Sad
ML1627,Sia,Little Black Sandals,Chill
ML1628,Renee Olstead,Taking A Chance On Love,Chill
ML1629,My Dying Bride,Black God,Sad
ML1630,JC Chasez,Dear Goodbye,Sad
ML1631,Soulsavers,You Will Miss Me When I Burn,Sad
ML1632,Goldfish,Hold Tight,Happy
ML1633,The Modern Lovers,Hospital,Sad
ML1634,Alanis Morissette,All I Really Want,Angry
ML1635,James,Say Something,Sad
ML1636,Dan Le Sac vs Scroobius Pip,Look For The Woman,Sad
ML1637,The Constructus Corporation,I'll See You Now Now,Chill
ML1638,Ice Cube,My Summer Vacation,Angry
ML1639,We Are The Fallen,I Am Only One,Sad
ML1640,Evergreen Terrace,Mad World,Angry
ML1641,Hot Chocolate,You Sexy Thing,Happy
ML1642,The Cat Empire,The Rhythm,Happy
ML1643,Ulrich Schnauss,On My Own,Chill
ML1644,The Mars Volta,Tetragrammaton,Angry
ML1645,El Perro del Mar,This Loneliness,Sad
ML1646,John Denver,Grandma's Feather Bed,Happy
ML1647,LL Cool J,Mama Said Knock You Out,Angry
ML1648,Gary Numan,Absolution,Sad
ML1649,Beck,QuÃ© Onda Guero,Happy
ML1650,No Doubt,Rock Steady,Chill
ML1651,Tori Amos,Tombigbee,Angry
ML1652,Babes In Toyland,Handsome and Gretel,Angry
ML1653,Eagle-Eye Cherry,Permanent Tears,Chill
ML1654,No Use for a Name,Born Addicted,Angry
ML1655,Immortal Technique,The 4th Branch,Angry
ML1656,The Format,On Your Porch (acoustic),Sad
ML1657,Tracey Thorn,Nowhere Near,Sad
ML1658,Tenacious D,Papagenu (He's My Sassafrass),Happy
ML1659,Nine Inch Nails,Ruiner,Angry
ML1660,Tool,Intolerance,Angry
ML1661,Jorge Ben,Que Maravilha,Chill
ML1662,Melody Gardot,Goodnite,Chill
ML1663,Will Young,Who Am I,Sad
ML1664,Lords of Acid,I Sit On Acid (Soulwax remix),Happy
ML1665,Norah Jones,Broken,Chill
ML1666,Abra Moore,Sorry,Chill
ML1667,David Ford,Laughing Aloud,Chill
ML1668,Tracey Thorn,A-Z,Sad
ML1669,BjÃ¶rk,Army Of Me,Angry
ML1670,Despised Icon,In The Arms Of Perdition,Angry
ML1671,Mercury Rev,Holes,Chill
ML1672,Robert Palmer,Every Kinda People,Chill
ML1673,Peter & Gordon,Lady Godiva,Happy
ML1674,The Notorious B.I.G.,Ready to Die,Angry
ML1675,The Mars Volta,Roulette Dares (The Haunt Of),Angry
ML1676,Deee-Lite,Groove Is In The Heart,Happy
ML1677,Hungry Lucy,To Kill a King,Chill
ML1678,Katy Perry,I Kissed A Girl,Happy
ML1679,Tom Waits,Cold Cold Ground,Sad
ML1680,Supreme Beings of Leisure,What's the Deal,Chill
ML1681,Curtis Mayfield,Future Shock,Angry
ML1682,Daughtry,What I Want,Angry
ML1683,Megadeth,Prince of Darkness,Angry
ML1684,Junior Boys,Caught in a Wave,Chill
ML1685,Lil' Kim,How Many Licks ,Happy
ML1686,Cyndi Lauper,I Drove All Night,Happy
ML1687,Donavon Frankenreiter,On My Mind,Chill
ML1688,Slayer,Public Display Of Dismemberment,Angry
ML1689,Slayer,Mandatory Suicide,Angry
ML1690,Lady Gaga,Teeth,Happy
ML1691,Toby Keith,Who's Your Daddy?,Happy
ML1692,M.I.A.,Jimmy,Happy
ML1693,Buzzcocks,Ever Fallen in Love?,Angry
ML1694,The Specials,Guns of Navarone,Happy
ML1695,Katatonia,Brave,Sad
ML1696,Gordon Lightfoot,Carefree Highway,Chill
ML1697,Ivy,Edge Of The Ocean,Chill
ML1698,Leonard Cohen,The Old Revolution,Sad
ML1699,Porcupine Tree,Shesmovedon,Sad
ML1700,Tupac Shakur,Fuck the World,Angry
ML1701,The Rolling Stones,Heart Of Stone,Sad
ML1702,Rickie Lee Jones,Easy Money,Chill
ML1703,Drowning Pool,Step Up,Angry
ML1704,Rage Against the Machine,Bullet In The Head,Angry
ML1705,Foo Fighters,The Pretender,Angry
ML1706,BjÃ¶rn RosenstrÃ¶m,Lurad,Happy
ML1707,Tilly and the Wall,Sing Songs Along,Happy
ML1708,Guano Apes,You Can't Stop Me,Angry
ML1709,The Byrds,He Was A Friend Of Mine,Sad
ML1710,Feelies,Fa CÃ©-La,Angry
ML1711,Kiss,I Still Love You,Sad
ML1712,The J. Geils Band,Centerfold,Happy
ML1713,Veronica Maggio,MÃ¥ndagsbarn,Happy
ML1714,Mando Diao,Clean Town,Happy
ML1715,Westlife,Uptown Girl,Happy
ML1716,Oceansize,Only Twin,Sad
ML1717,God Module,Sections,Sad
ML1718,Dawn Landes,You Alone,Sad
ML1719,The Stills,Everything I Build,Sad
ML1720,Beth Rowley,Angel Flying Too Close To The Ground,Sad
ML1721,Syd Barrett,Terrapin,Chill
ML1722,Marilyn Manson,Man That You Fear,Angry
ML1723,Alice Cooper,Wake the Dead,Angry
ML1724,Slayer,Overt Enemy,Angry
ML1725,Blue Ã–yster Cult,Death Valley Nights,Sad
ML1726,Barry Mann,Who Put The Bomp ,Happy
ML1727,Frightened Rabbit,My Backwards Walk,Sad
ML1728,Destruction,Fear of the moment,Angry
ML1729,Cradle of Filth,Filthy Little Secret,Angry
ML1730,Bruce Springsteen,Born in the USA,Angry
ML1731,Tilly and the Wall,Fell Down the Stairs,Happy
ML1732,At the Gates,Suicide Nation,Angry
ML1733,Seether,Fade Away,Sad
ML1734,Lamb of God,What I've Become,Angry
ML1735,NOFX,Murder The Government,Angry
ML1736,Al Green,I'm Still In Love With You,Chill
ML1737,My Bloody Valentine,No More Sorry,Sad
ML1738,Rammstein,Mutter,Sad
ML1739,Jarvis Cocker,Running The World,Angry
ML1740,Slayer,Hate Worldwide,Angry
ML1741,Megadeth,Foreclosure of a Dream,Angry
ML1742,Mamonas Assassinas,Vira-Vira,Happy
ML1743,Police,Can't Stand Losing You,Angry
ML1744,The Brand New Heavies,Dream Come True,Happy
ML1745,Jack Johnson,Adrift,Chill
ML1746,Megadeth,Seven,Angry
ML1747,Killswitch Engage,Unbroken,Angry
ML1748,Enigma,Callas Went Away,Chill
ML1749,As Cities Burn,Timothy,Sad
ML1750,Katatonia,Leaders,Sad
ML1751,Hot Chip,In The Privacy Of Our Love,Chill
ML1752,Stephen Lynch,Vanilla Ice Cream,Happy
ML1753,Enya,Amid the Falling Snow,Chill
ML1754,Tenpole Tudor,Wunderbar,Happy
ML1755,The Little Ones,There's a Pot a Brewin',Happy
ML1756,Sentenced,Aika Multaa Muistot (everything Is Nothing),Sad
ML1757,The Album Leaf,There Is A Wind,Chill
ML1758,The Bird And The Bee,I'm a Broken Heart,Sad
ML1759,Hellsongs,Run to the Hills,Chill
ML1760,Grand National,Peanut Dreams,Chill
ML1761,Slayer,Live Undead,Angry
ML1762,Eliane Elias,Chega De Saudade,Chill
ML1763,Demon Hunter,My Heartstrings Come Undone,Sad
ML1764,Eluveitie,Elembivos,Sad
ML1765,Queen,Flash,Happy
ML1766,We Are The Fallen,Tear The World Down,Sad
ML1767,Sentenced,Nepenthe,Sad
ML1768,LeAnn Rimes,Big Deal,Angry
ML1769,Kings of Leon,McFearless,Angry
ML1770,Mando Diao,You Can't Steal My Love,Happy
ML1771,Sondre Lerche,To Be Surprised,Happy
ML1772,The Most Serene Republic,Proposition 61,Chill
ML1773,Atari Teenage Riot,Too Dead for Me,Angry
ML1774,The Arrogant Worms,Johnny Came Home Headless,Happy
ML1775,Ice T,New Jack Hustler,Angry
ML1776,Cult of Luna,And With Her Came The Birds,Sad
ML1777,DIR EN GREY,é¼“å‹•,Sad
ML1778,Anberlin,Dismantle.Repair.,Sad
ML1779,Lisa Stansfield,Change,Happy
ML1780,Yael NaÃ¯m,Lonely,Sad
ML1781,Marissa Nadler,Rosary,Sad
ML1782,The Dead Weather,Will There Be Enough Water?,Sad
ML1783,Dave Matthews Band,I Did It,Chill
ML1784,You Love Her Coz She's Dead,Superheroes,Angry
ML1785,Foo Fighters,Virginia Moon,Chill
ML1786,Moloko,Party Weirdo,Happy
ML1787,Okkervil River,It Ends With a Fall,Sad
ML1788,Anathallo,Kasa No Hone (the umbrella's bones),Chill
ML1789,Architecture in Helsinki,Red Turned White,Happy
ML1790,Gorgoroth,Incipit satan,Angry
ML1791,Richard Hawley,For Your Lover Give Some Time,Sad
ML1792,Jimmy Eat World,Disintegration,Sad
ML1793,Moxy FrÃ¼vous,Entropy,Happy
ML1794,American Music Club,The Confidential Agent,Sad
ML1795,Minnie Riperton,Memory Lane,Chill
ML1796,Gary Numan,One Perfect Lie,Sad
ML1797,Abba,Take A Chance On Me,Happy
ML1798,Rammstein,Eifersucht,Angry
ML1799,Steely Dan,Things I Miss The Most,Chill
ML1800,J.B.O.,Walk with An Erection,Happy
ML1801,Leonard Cohen,Winter Lady,Sad
ML1802,Zen CafÃ©,Vattupuskassa,Sad
ML1803,Zac Brown Band,Chicken Fried,Happy
ML1804,David Holmes,Gritty Shaker,Happy
ML1805,Rammstein,Ohne dich,Sad
ML1806,The Little Willies,Lou Reed,Happy
ML1807,Rage Against the Machine,New Millennium Homes,Angry
ML1808,Katatonia,The Longest Year,Sad
ML1809,Cake,Where Would I Be?,Sad
ML1810,Chris Garneau,Black & Blue,Sad
ML1811,Aly & AJ,Like Whoa,Happy
ML1812,Shawn Colvin,Wichita Skyline,Chill
ML1813,Eurythmics,I Need You,Sad
ML1814,The Presidents of the United States of America,Lump,Happy
ML1815,Sophie Ellis-Bextor,Can't Have It All,Sad
ML1816,Slayer,Ghosts of War,Angry
ML1817,Cascada,What Hurts The Most,Happy
ML1818,El-P,Stepfather Factory,Sad
ML1819,Black Eyed Peas,Anxiety,Angry
ML1820,Interpol,Rest My Chemistry,Sad
ML1821,India.Arie,Little Things,Chill
ML1822,Swallow The Sun,Don't Fall Asleep (Horror Pt. 2),Sad
ML1823,Narsilion,A Night in Fairyland,Chill
ML1824,Sibylle Baier,Girl,Chill
ML1825,Ice Cube,Endangered Species (Tales From the Darkside),Angry
ML1826,Mastodon,I Am Ahab,Angry
ML1827,Louis Armstrong,That Lucky Old Sun ,Chill
ML1828,Cake,Wheels,Happy
ML1829,Carpark North,Fireworks,Sad
ML1830,David Bowie,Afraid,Sad
ML1831,Paris Hilton,Fightin' Over Me ,Happy
ML1832,The Smiths,What Difference Does It Make?,Sad
ML1833,Black Flag,Jealous Again,Angry
ML1834,The Oppressed,Victims,Angry
ML1835,Blur,Sunday Sunday,Happy
ML1836,Telepathe,So Fine,Happy
ML1837,Cat Stevens,How Can I Tell You,Chill
ML1838,A Perfect Circle,What's Going On,Chill
ML1839,Jack Johnson,Situations,Chill
ML1840,The Allman Brothers Band,Stormy Monday,Chill
ML1841,Echo & the Bunnymen,Do It Clean,Angry
ML1842,Eugene McGuinness,Those Old Black and White Movies Were True,Chill
ML1843,Patti LaBelle,New Day,Chill
ML1844,Karen O and the Kids,Rumpus,Happy
ML1845,John O'Callaghan,Never Fade Away,Chill
ML1846,Zebda,Tomber La Chemise,Happy
ML1847,ERA,Ameno,Chill
ML1848,James Yuill,This Sweet Love,Chill
ML1849,Natasha Bedingfield,I Wanna Have Your Babies,Happy
ML1850,Dr. Bombay,Rice & Curry,Happy
ML1851,Rage Against the Machine,In My Eyes,Angry
ML1852,Dirty Sanchez,Dig It,Happy
ML1853,Jean Grae,My Story,Sad
ML1854,The Mars Volta,Inertiatic Esp,Angry
ML1855,Todd Rundgren,Song of the Viking,Happy
ML1856,Todd Rundgren,Bang The Drum All Day,Happy
ML1857,Hagalaz' Runedance,Serenade of The Last Wolf,Sad
ML1858,Dead Kennedys,One-Way Ticket to Pluto,Angry
ML1859,Calvin Harris,Merrymaking At My Place,Happy
ML1860,Gil Scott-Heron,Whitey On The Moon,Angry
ML1861,Slayer,Consfearacy,Angry
ML1862,Death From Above 1979,Going Steady,Happy
ML1863,Macy Gray,Come Together,Chill
ML1864,The Germs,Sex Boy (Live),Angry
ML1865,Procol Harum,All This and More,Sad
ML1866,Aloha From Hell,Walk Away,Sad
ML1867,Daniel Boone,Beautiful Sunday,Happy
ML1868,"""Weird Al"" Yankovic",Trigger Happy,Happy
ML1869,Rivulets,Barreling Towards Nowhere Like There's No Tomorrow,Sad
ML1870,iLiKETRAiNS,The accident,Sad
ML1871,Jesu,Silver,Sad
ML1872,Adam Ant,Apollo 9,Happy
ML1873,Rachel Stevens,Fools,Happy
ML1874,Timo Rautiainen & Trio Niskalaukaus,Lintu,Sad
ML1875,Ensiferum,Slayer Of Light,Angry
ML1876,Maximilian Hecker,My Friends,Sad
ML1877,Silbermond,Symphonie,Sad
ML1878,Devin Townsend,Bad Devil,Angry
ML1879,Max Richter,Old Song,Chill
ML1880,Black Rebel Motorcycle Club,Suddenly,Sad
ML1881,Muse,Yes Please,Angry
ML1882,Scissor Sisters,Filthy/Gorgeous,Happy
ML1883,Nine Inch Nails,Something I Can Never Have,Sad
ML1884,Maximilian Hecker,Summer Days in Bloom,Chill
ML1885,Spike Jones & His City Slickers,Cocktails For Two,Happy
ML1886,Ludacris,Blow It Out,Angry
ML1887,Garou,Gitan,Happy
ML1888,Gillian Welch,By The Mark,Chill
ML1889,Leona Naess,Lazy Days,Chill
ML1890,Juana Molina,La Verdad,Chill
ML1891,Stray Cats,Rock This Town,Happy
ML1892,The Kooks,One Last Time,Sad
ML1893,Isobel Campbell & Mark Lanegan,No Place To Fall,Sad
ML1894,Air,Cherry Blossom Girl (Radio Mix),Chill
ML1895,Venom,Warhead,Angry
ML1896,The Alan Parsons Project,The Cask Of Amontillado,Sad
ML1897,Tone-LÅc,Wild Thing,Happy
ML1898,Dierks Bentley,What Was I Thinkin',Happy
ML1899,G. Love,Missing My Baby,Chill
ML1900,Christina Aguilera,Hurt,Angry
ML1901,The Stooges,T.V. Eye,Angry
ML1902,Arctic Monkeys,The View From the Afternoon,Happy
ML1903,3 Doors Down,Be Somebody,Sad
ML1904,stellastarr*,Sweet Troubled Soul,Happy
ML1905,Sun Kil Moon,Carry Me Ohio,Sad
ML1906,Sylvester,You Make Me Feel (Mighty Real),Happy
ML1907,Love,Orange Skies,Chill
ML1908,Diary of Dreams,Portrait Of A Cynic,Sad
ML1909,Tori Amos,Professional Widow,Angry
ML1910,ATB,Marrakech,Chill
ML1911,Death Cab For Cutie,Soul Meets Body (Rolling Stone Original),Chill
ML1912,Slayer,Ghosts Of War,Angry
ML1913,Lunascape,Inferno,Chill
ML1914,India.Arie,The Truth,Chill
ML1915,Neutral Milk Hotel,April 8th,Sad
ML1916,Isis,The Other,Sad
ML1917,Opeth,Heir Apparent,Angry
ML1918,High On Fire,The Face of Oblivion,Angry
ML1919,Mohombi,Bumpy Ride,Happy
ML1920,Dwele,Find A Way,Chill
ML1921,Ray Charles,What'd I Say,Happy
ML1922,Above & Beyond,Home,Chill
ML1923,Marilyn Manson,Misery Machine,Angry
ML1924,Titus Andronicus,Arms Against Atrophy,Angry
ML1925,Antimatter,Fighting for a Lost Cause,Sad
ML1926,Natalie Merchant,San Andreas Fault (Remastered LP Version),Sad
ML1927,Lisa Ekdahl,Ã–ppna Upp Ditt FÃ¶nster,Happy
ML1928,Liv Kristine,Take Good Care,Chill
ML1929,Ben Folds Five,Brick,Sad
ML1930,Amy Winehouse,Monkey Man,Happy
ML1931,Air,Photograph,Chill
ML1932,DIR EN GREY,GRIEF,Angry
ML1933,Pearl Jam,Animal,Angry
ML1934,Ryan Adams,This House Is Not For Sale,Chill
ML1935,Lloyd Banks,Father Time,Angry
ML1936,SWV,You're The One,Happy
ML1937,Cut Off Your Hands,Oh Girl,Happy
ML1938,Nicole Atkins,Together We're Both Alone,Chill
ML1939,Zeromancer,Houses of Cards,Sad
ML1940,Biosphere,The Things I Tell You,Chill
ML1941,Until June,The Saddest Song,Sad
ML1942,Lordi,Hard Rock Hallelujah,Happy
ML1943,Edward Sharpe & the Magnetic Zeros,40 Day Dream,Happy
ML1944,David Jordan,Sun Goes Down,Happy
ML1945,Shenandoah,Ghost In this House,Sad
ML1946,Dew-Scented,Blueprints of hate,Angry
ML1947,Bon Jovi,Bad Medicine,Happy
ML1948,Cocteau Twins,Squeeze-Wax,Chill
ML1949,Anathema,Far Away,Sad
ML1950,The Velvet Underground,Sunday Morning,Chill
ML1951,David Sanborn,Try A Little Tenderness,Chill
ML1952,Rufus Wainwright,This Love Affair,Sad
ML1953,Bodo Wartke,Ich trau mich nicht,Happy
ML1954,The Maine,The Way We Talk,Happy
ML1955,"Harry Connick, Jr.",A Wink and a Smile,Chill
ML1956,Howie Day,Numbness For Sound,Sad
ML1957,Alison Krauss,Ghost in This House,Sad
ML1958,Richard Hell & the Voidoids,Love Comes in Spurts,Angry
ML1959,Dana Glover,Thinking Over,Chill
ML1960,Triumph the Insult Comic Dog,I Keed (Album Version),Happy
ML1961,Cake,Short Skirt/Long Jacket,Happy
ML1962,Godsmack,Vampires,Angry
ML1963,Jamie Cullum,These Are The Days,Chill
ML1964,Slipknot,(Sic),Angry
ML1965,Cradle of Filth,The Foetus of a New Day Kicking,Angry
ML1966,Animal Collective,Water Curses,Happy
ML1967,Groove Coverage,She,Happy
ML1968,Beatallica,Sgt. Hetfield's Motorbreath Pub Band,Happy
ML1969,Eminem,Lose Yourself,Angry
ML1970,Green Carnation,Two Seconds in Life,Sad
ML1971,Happy Mondays,Kinky Afro,Happy
ML1972,"""Weird Al"" Yankovic",Polkas On 45,Happy
ML1973,Nine Inch Nails,"No, You Don't",Angry
ML1974,The Crazy World of Arthur Brown,Fire,Angry
ML1975,Juanes,Me Enamora,Happy
ML1976,R.E.M.,Moon River,Sad
ML1977,Acid Bath,Dope Fiend,Angry
ML1978,Stephen Lynch,Little Tiny Moustache,Happy
ML1979,Robert Plant,Satan Your Kingdom Must Come Down,Chill
ML1980,Chris Garneau,Saturday,Sad
ML1981,Enya,Evacuee,Chill
ML1982,Calvin Harris,Disco Heat,Happy
ML1983,PJ Harvey,Man-Size,Angry
ML1984,Mortal Love,All The Beauty,Sad
ML1985,Lenny Kravitz,If You Can't Say No,Chill
ML1986,Jane Monheit,Moon River,Chill
ML1987,Turin Brakes,Future Boy,Chill
ML1988,Slayer,World Painted Blood,Angry
ML1989,Cavalera Conspiracy,Inflikted,Angry
ML1990,Boyzone,Gave It All Away,Sad
ML1991,Limp Bizkit,Eat You Alive,Angry
ML1992,Static-X,No Submission,Angry
ML1993,Primordial,Gallows Hymn,Sad
ML1994,Misfits,Violent World,Angry
ML1995,W.A.S.P.,I Don't Need No Doctor,Angry
ML1996,A Day To Remember,If It Means a Lot to You,Sad
ML1997,Prince,"Beautiful, Loved and Blessed",Chill
ML1998,Deine Lakaien,The Game,Sad
ML1999,Fatboy Slim,Talking Bout My Baby,Happy
ML2000,Cooler Kids,All Around The World (Punk Debutante),Happy
